የቴሌኮሚኒኬሽን;1
ኔትወርኮች;3
ኢንተርኔት;1
ከሌሎች;0
ሰዎች;3
የምናደርገውን;1
ግንኙነት;1
ከምንጊዜውም;1
በተሻለ;0
እጅግ;0
ፈጣን;1
እንዲኾን;1
ቢያደርጉም;1
በዛው;0
ልክ;0
የእርስ;1
በእርስ;0
ግንኙነታችን;1
በጣም;0
በተስፋፋ;0
ኹኔታ;0
በሦስተኛ;0
ወገን;1
እንዲሰለል;2
እንዲቀዳ;0
እንዲሰማ;0
እድልን;1
ከፍተዋል;2
ግላዊነትዎን;1
ለመጠበቅ;0
ተጨማሪ;0
እርምጃዎችን;1
ካልወሰዱ;0
እያንዳንዱ;2
የስልክ;1
ጥሪ;0
አጭር;1
የጽሑፍ;1
መልዕክቾች;3
ኢሜል;0
ምልልሶች;3
የመልዕክት;1
አገልግሎቶች;3
IPን;1
ተጠቅሞ;0
ሚደረጉ;0
የድምጽ;1
አብዛኛውን;1
ደህንነቱ;0
የተጠበቀ;1
የማድረጊያው;1
መንገድ;1
የመገናኛ;1
አውታሮችን;1
ኮምፒውተሮችን;1
ወይም;1
ሰልኮችን;1
ሳይጠቀሙ;0
በአካል;2
መገናኘት;1
ሁልጊዜም;0
የማይቻል;2
ነገር;0
ስለሆነ;0
በኔትዎርክ;0
አማካኝነት;1
በሚፈጽሙበት;0
ወቅት;1
የግንኙነትዎን;1
ይዘት;1
መደበቅ;1
የሚፈልጉ;1
ከኾነ;0
ከመገናኘት;1
ቀጥሎ;0
ያለው;0
ጥሩ;0
አማራጭ;1
ከዳር;0
ምስጠራን;1
መጠቀም;1
ግለሰቦች;3
በተጠበቀ;0
ኢንተርኔትን;1
ተጠቅመው;0
ሲፈልጉ;0
ለምሳሌ;0
አበበ;1
ጫልቱ;0
እያንዳንዳቸው;0
መሰወሪያ;0
ቁልፎችን;1
ማመንጨት;1
አለባቸው;0
ለጫልቱ;2
መልዕክትን;1
ከመላኩ;0
መልዕክቱን;1
ያመሰጥረዋል;2
የተመሰጠረውን;1
መልዕክትም;1
በኢንተርኔት;0
ይልከዋል;2
ግለሰብ;0
የአበበ;1
የጫልቱን;1
ቢሰልል;3
ለመላክ;0
የተጠቀመውን;1
አገልግሎት;1
ለምሳሌ;0
የአበበን;1
የኢሜል;1
መለያ;0
ቢችል;0
እንኳን;1
ሰላዩ;0
የሚያየው;1
የተደበቀውን;1
መልዕክት;1
የመልዕክቱን;1
በምትቀበልበት;0
የራሷን;1
ቁልፍ;0
በመጠቀም;0
ይዘቱን;1
ሚነበብ;0
መፍታት;1
አለባት;1
በተጨማሪ;0
ምስጠራ;0
ከፍ;0
ጥረትን;1
የሚፈልግ;1
ቢኾንም;1
ሁለቱም;1
ተጠቃሚዎች;0
እየተገለገሉት;1
ያለውን;1
የመሣሪያ;1
ስርዓት;1
ማመን;1
ሳያስፈልጋቸው;0
የግንኙነታቸውን;1
ደህንነት;1
የሚያጣሩበት;1
ብቸኛው;0
ስካይፕ;0
ያሉ;0
እንደሚሰጡ;2
በተደጋጋሚ;0
እንደታየው;2
ግንኙነታቸው;0
ድብቅ;0
ተጠቃሚዎቹ;0
የሚልኩትን;1
የሚያመሰጥሩበት;1
የመሰወሪያ;1
የሚላክለት;1
መኾኑን;1
ማረጋገጥ;0
የግንኙነት;1
ሶፍትዌሩ;0
ይህን;1
መስጠት;1
የሚያስችል;1
አቅም;1
ከሌለው;0
በውስጡ;2
ያልተካተተ;1
ካልኾነ;0
የሚጠቀመው;1
የቤት;1
የተንቀሳቃሽ;1
ስልክ;0
ለወዳጅዎ;0
ሲደውሉ;0
የሚያደርጉት;1
የተመሰጠረ;1
በተንቀሳቃሽ;1
የሚጠቀሙ;1
ምናልባት;1
ከስልክ;0
ቀፎዎ;0
ስልኩ;0
ማማ;0
ጥሪዎ;0
ክፍል;0
ሊመሰጥር;0
ይችላል;2
ግን;1
መልዕክትዎ;0
ባለው;1
ኔትወርክ;0
በሚተላለፍበት;0
አገልግሎቱን;1
በሚሰጠው;0
ኩባንያ;0
የመሰለል;1
ዕድሉ;0
ስለዚህም;0
በስልክ;0
ሰጪው;0
ስልጣን;1
መንግሥት;1
ድርጅት;1
ይህንን;1
መረጃ;0
ማግኘት;1
ማለት;1
በመኾኑም;0
በሚያደርጉበት;0
እንዳልዎት;1
ለማረጋገጥ;0
ቀላሉ;2
ግንኙነትን;1
VoIP;0
ማድረግ;0
የሚያስችሉ;1
ሶፍትዌሮችን;1
መደበኛ;0
SMS;0
የዳር;1
የለውም;1
ከስልክዎ;0
መላክ;1
ከፈለጉ;0
በአጭር;0
ሶፍትዌር;0
መጠቀምን;1
ከግምት;1
ያስገቡ;0
አብዛኞቹ;0
ሰጪዎች;3
ፋየርፎክስ;0
ክሮም;1
የድረ;1
ገጽ;0
ማሰሻዎችን;1
ኢሜልዎን;1
እንዲያነቡ;2
ያስችልዎታል;2
ከእነዚህ;0
ብዙዎቹ;0
የHTTPS;1
ትራንስፖርት;1
ለየር;0
ኢንክሪፕሽን;1
ድጋፍን;1
ይሰጣሉ;2
በሚጠቀሙበት;0
ሰዓት;1
በድር;0
ማሰሻው;0
የላይኛው;1
URL;0
በHTTP;0
ሰጪዎ;0
ድጋፍ;0
ኾኖ;0
በነባሪ;0
የማይሰጡ;1
በኢሜልዎ;0
የድር;1
HTTP;3
የሚለውን;1
HTTPS;3
በሚል;0
ይቀይሩት;1
ገጹን;1
ያድሱት;1
አገልግሎትን;1
በሚሰጡ;2
ሁሉም;1
ገጾች;3
HTTPSን;1
ሁልጊዜ;0
እንደሚጠቀሙ;2
የትራንስፖርት;1
የሚሠራው;1
ለምንስ;0
ያስፈልግዎታል;2
በእንግሊዝኛው;0
ምህጻረ;0
ቃል;0
አልፎ;2
አልፎም;0
SSL;0
TLS;0
በመባል;2
የሚታወቀው;1
የመስመር;1
ግንኙነትዎ;0
የሚጠቀሙትን;1
በሚጠቀሙ;2
እንዳይነበብ;2
የሚያመሰጥር;1
ይህም;1
በኤርፖርት;0
የሚገኝን;1
ተመሳሳይ;0
WiFiን;1
ሰዎች;3
በትምህርት;0
ቤትዎ;0
በመስሪያ;0
ሰዎች;3
የኢንተርኔት;1
አግልግሎት;1
ሰጪ;0
አስተዳዳሪዎች;3
ሸረኛ;0
መዝባሪዎች;3
መንግሥታት;1
ሕግ;0
አስፈጻሚ;1
አካላትን;1
ሊጨምር;0
በHTTPS;0
HTTPን;1
መዳሰሻዎ;0
የሚያደጓቸው;1
የትኞቹም;1
ዓይነት;1
ግንኙነቶች;3
ማለትም;1
የጎበኟቸው;1
ይዘቶች;2
የጦማር;1
ፖስቶች;3
መልዕክቶች;3
በአጥቂዎች;0
ለመጠለፍ;0
ለመነበብ;0
የተጋለጡ;1
ዳሰሳ;0
በሚያካሂዱበት;0
ለሁሉም;0
እንዲጠቀመው;0
የምንመክረው;1
መሠረታዊው;0
የምስጠራ;1
ደረጃ;0
መኪና;0
ሲነዱ;0
መታጠቂያ;0
ቀበቶዎን;1
እንደሚያስሩ;2
ተጠቃሚ;0
ሊጠቀመው;0
የተገባ;1
ኾኖም;1
የሚከተሉትን;1
ግልጋሎቶች;3
አይሰጥም;1
ልውውጥ;3
የሚሰጠው;1
የኢሜሎትን;1
ሊያነብ;0
መንግስት;1
የሕግ;1
አካላት;1
ኢሜሎትን;1
ፈቃዶ;0
ሊያነቡ;0
ይችላሉ;2
በአሜሪካን;1
ሀገር;0
ድርጅቶች;3
ደምበኞቻቸውን;1
በተመለከተ;0
ጥያቄ;0
ቢያቀርብላቸው;0
ጥያቄው;0
እንደቀረበላቸው;2
ለተጠቃሚዎቻቸው;0
እንደሚያሳውቁ;2
የሚገልጽ;1
ፖሊሲ;0
አላቸው;0
ፖሊሲዎች;3
በድርጅቶቹ;2
መልካም;0
ፈቃድ;0
የተመሰረቱ;1
ጎግል;0
ያሁ;0
ማይክሮሶፍት;1
ሌሎችም;1
በየአመቱ;2
የሚጠይቃቸውን;1
የተጠቃሚዎችን;1
ዳታ;0
ዝርዝር;0
የትኞቹ;1
አገር;1
ጥያቄውን;1
እንዳቀረቡ;2
ለምን;1
ያህሉ;0
ድርጅቱ;0
መልስ;1
እንደሰጠ;0
የግልጽነት;1
ሪፖርቶች;3
ያወጣሉ;2
የደህንነት;1
ሞዴልዎ;0
የመንግስት;1
የሚጨምር;1
ከኾነ;0
ይዘትን;1
ለሶስተኛ;0
አሳልፈው;0
እንደማይችሉ;2
የሚፈልጉበት;1
ቢኖርዎት;1
ማመስጠሪያን;1
ማስገባት;1
አለብዎት;1
የሚባለው;1
ዋናው;0
ማመስጠሪያ;0
ዘዴ;0
በትክክል;0
ጥቅም;1
ከዋለ;0
የሚያደርጉትን;1
በከፍተኛ;0
ያደርጋል;2
ለኢሜልዎ;0
የPGP;1
እንዴት;2
እንደሚጭኑ;2
ለበለጠ;0
ማብራሪያ;0
ይመልከቱ;2
መፈጠሩን;1
ግንኙነቱ;0
ከማን;1
እንደተደረገ;0
አይችልም;1
የግንኙነቱን;1
የመረጃ;1
መረጃን;1
ሜታ;0
ዳታን;1
አይከላከልም;1
ከግንኙነቱ;0
ይዘቱ;0
ርዕሰ;0
ጉዳይ;0
እያደረጉ;2
እንዳሉ;2
ግንኙነቱን;1
እንደደረጉ;2
የመሳሰሉትን;1
ያጠቃልላል;2
ዓም;0
ማልቴ;0
ስፒትስ;0
የተባለው;1
የግሪን;1
ፓርቲ;0
ፖለቲከኛ;0
ከስድስት;1
ወር;0
በላይ;0
የኾነ;1
ውሂቡን;1
እንዲሰጡት;1
ለማስገደድ;0
የDeutsche;1
ቴሌኮምን;1
ከሶ;0
ውሂቡ;0
በጀርመን;1
ጋዜጣ;0
እንዲገኝ;1
አድርጓል;1
ውጤትም;1
የሚከተሉት;1
እንዲሰለል;2
ጥሪ;0
መልዕክቾች;3
ምልልሶች;3
አገልግሎቶች;3
አውታሮችን;1
ለምሳሌ;0
ጫልቱ;0
ለምሳሌ;0
መለያ;0
VoIP;0
SMS;0
WiFiን;1
ሰዎች;3
ሰዎች;3
አስተዳዳሪዎች;3
መዝባሪዎች;3
መንግሥታት;1
ይዘቶች;2
ፖስቶች;3
ጎግል;0
ያሁ;0
ዝርዝር;0
ከኾነ;0
ይመልከቱ;2
ጉዳይ;0
ዓም;0
እንዲሰለል;2
ጥሪ;0
መልዕክቾች;3
ምልልሶች;3
አገልግሎቶች;3
አውታሮችን;1
ለምሳሌ;0
ጫልቱ;0
ለምሳሌ;0
መለያ;0
VoIP;0
SMS;0
WiFiን;1
ሰዎች;3
ሰዎች;3
አስተዳዳሪዎች;3
መዝባሪዎች;3
መንግሥታት;1
ይዘቶች;2
ፖስቶች;3
ጎግል;0
ያሁ;0
ዝርዝር;0
ከኾነ;0
ይመልከቱ;2
ጉዳይ;0
ዓም;0
እንዲሰለል;2
ጥሪ;0
መልዕክቾች;3
ምልልሶች;3
አገልግሎቶች;3
አውታሮችን;1
ለምሳሌ;0
ጫልቱ;0
ለምሳሌ;0
መለያ;0
VoIP;0
SMS;0
WiFiን;1
ሰዎች;3
ሰዎች;3
አስተዳዳሪዎች;3
መዝባሪዎች;3
መንግሥታት;1
ይዘቶች;2
ፖስቶች;3
ጎግል;0
ያሁ;0
ዝርዝር;0
ከኾነ;0
ይመልከቱ;2
ጉዳይ;0
ዓም;0
እንዲሰለል;2
ጥሪ;0
መልዕክቾች;3
ምልልሶች;3
አገልግሎቶች;3
አውታሮችን;1
ለምሳሌ;0
ጫልቱ;0
ለምሳሌ;0
መለያ;0
VoIP;0
SMS;0
WiFiን;1
ሰዎች;3
ሰዎች;3
አስተዳዳሪዎች;3
መዝባሪዎች;3
መንግሥታት;1
ይዘቶች;2
ፖስቶች;3
ጎግል;0
ያሁ;0
ዝርዝር;0
ከኾነ;0
ይመልከቱ;2
ጉዳይ;0
ዓም;0
እንዲሰለል;2
ጥሪ;0
መልዕክቾች;3
ምልልሶች;3
አገልግሎቶች;3
አውታሮችን;1
ለምሳሌ;0
ጫልቱ;0
ለምሳሌ;0
መለያ;0
VoIP;0
SMS;0
WiFiን;1
ሰዎች;3
ሰዎች;3
አስተዳዳሪዎች;3
መዝባሪዎች;3
መንግሥታት;1
ይዘቶች;2
ፖስቶች;3
ጎግል;0
ያሁ;0
ዝርዝር;0
ከኾነ;0
ይመልከቱ;2
ጉዳይ;0
ዓም;0
እንዲሰለል;2
ጥሪ;0
መልዕክቾች;3
ምልልሶች;3
አገልግሎቶች;3
አውታሮችን;1
ለምሳሌ;0
ጫልቱ;0
ለምሳሌ;0
መለያ;0
VoIP;0
SMS;0
WiFiን;1
ሰዎች;3
ሰዎች;3
አስተዳዳሪዎች;3
መዝባሪዎች;3
መንግሥታት;1
ይዘቶች;2
ፖስቶች;3
ጎግል;0
ያሁ;0
ዝርዝር;0
ከኾነ;0
ይመልከቱ;2
ጉዳይ;0
ዓም;0
እንዲሰለል;2
ጥሪ;0
መልዕክቾች;3
ምልልሶች;3
አገልግሎቶች;3
አውታሮችን;1
ለምሳሌ;0
ጫልቱ;0
ለምሳሌ;0
መለያ;0
VoIP;0
SMS;0
WiFiን;1
ሰዎች;3
ሰዎች;3
አስተዳዳሪዎች;3
መዝባሪዎች;3
መንግሥታት;1
ይዘቶች;2
ፖስቶች;3
ጎግል;0
ያሁ;0
ዝርዝር;0
ከኾነ;0
ይመልከቱ;2
ጉዳይ;0
ዓም;0
እንዲሰለል;2
ጥሪ;0
መልዕክቾች;3
ምልልሶች;3
አገልግሎቶች;3
አውታሮችን;1
ለምሳሌ;0
ጫልቱ;0
ለምሳሌ;0
መለያ;0
VoIP;0
SMS;0
WiFiን;1
ሰዎች;3
ሰዎች;3
አስተዳዳሪዎች;3
መዝባሪዎች;3
መንግሥታት;1
ይዘቶች;2
ፖስቶች;3
ጎግል;0
ያሁ;0
ዝርዝር;0
ከኾነ;0
ይመልከቱ;2
ጉዳይ;0
ዓም;0
እንዲሰለል;2
ጥሪ;0
መልዕክቾች;3
ምልልሶች;3
አገልግሎቶች;3
አውታሮችን;1
ለምሳሌ;0
ጫልቱ;0
ለምሳሌ;0
መለያ;0
VoIP;0
SMS;0
WiFiን;1
ሰዎች;3
ሰዎች;3
አስተዳዳሪዎች;3
መዝባሪዎች;3
መንግሥታት;1
ይዘቶች;2
ፖስቶች;3
ጎግል;0
ያሁ;0
ዝርዝር;0
ከኾነ;0
ይመልከቱ;2
ጉዳይ;0
ዓም;0
እንዲሰለል;2
ጥሪ;0
መልዕክቾች;3
ምልልሶች;3
አገልግሎቶች;3
አውታሮችን;1
ለምሳሌ;0
ጫልቱ;0
ለምሳሌ;0
መለያ;0
VoIP;0
SMS;0
WiFiን;1
ሰዎች;3
ሰዎች;3
አስተዳዳሪዎች;3
መዝባሪዎች;3
መንግሥታት;1
ይዘቶች;2
ፖስቶች;3
ጎግል;0
ያሁ;0
ዝርዝር;0
ከኾነ;0
ይመልከቱ;2
ጉዳይ;0
ዓም;0
እንዲሰለል;2
ጥሪ;0
መልዕክቾች;3
ምልልሶች;3
አገልግሎቶች;3
አውታሮችን;1
ለምሳሌ;0
ጫልቱ;0
ለምሳሌ;0
መለያ;0
VoIP;0
SMS;0
WiFiን;1
ሰዎች;3
ሰዎች;3
አስተዳዳሪዎች;3
መዝባሪዎች;3
መንግሥታት;1
ይዘቶች;2
ፖስቶች;3
ጎግል;0
ያሁ;0
ዝርዝር;0
ከኾነ;0
ይመልከቱ;2
ጉዳይ;0
ዓም;0
እንዲሰለል;2
ጥሪ;0
መልዕክቾች;3
ምልልሶች;3
አገልግሎቶች;3
አውታሮችን;1
ለምሳሌ;0
ጫልቱ;0
ለምሳሌ;0
መለያ;0
VoIP;0
SMS;0
WiFiን;1
ሰዎች;3
ሰዎች;3
አስተዳዳሪዎች;3
መዝባሪዎች;3
መንግሥታት;1
ይዘቶች;2
ፖስቶች;3
ጎግል;0
ያሁ;0
ዝርዝር;0
ከኾነ;0
ይመልከቱ;2
ጉዳይ;0
ዓም;0
እንዲሰለል;2
ጥሪ;0
መልዕክቾች;3
ምልልሶች;3
አገልግሎቶች;3
አውታሮችን;1
ለምሳሌ;0
ጫልቱ;0
ለምሳሌ;0
መለያ;0
VoIP;0
SMS;0
WiFiን;1
ሰዎች;3
ሰዎች;3
አስተዳዳሪዎች;3
መዝባሪዎች;3
መንግሥታት;1
ይዘቶች;2
ፖስቶች;3
ጎግል;0
ያሁ;0
ዝርዝር;0
ከኾነ;0
ይመልከቱ;2
ጉዳይ;0
ዓም;0
እንዲሰለል;2
ጥሪ;0
መልዕክቾች;3
ምልልሶች;3
አገልግሎቶች;3
አውታሮችን;1
ለምሳሌ;0
ጫልቱ;0
ለምሳሌ;0
መለያ;0
VoIP;0
SMS;0
WiFiን;1
ሰዎች;3
ሰዎች;3
አስተዳዳሪዎች;3
መዝባሪዎች;3
መንግሥታት;1
ይዘቶች;2
ፖስቶች;3
ጎግል;0
ያሁ;0
ዝርዝር;0
ከኾነ;0
ይመልከቱ;2
ጉዳይ;0
ዓም;0
እንዲሰለል;2
ጥሪ;0
መልዕክቾች;3
ምልልሶች;3
አገልግሎቶች;3
አውታሮችን;1
ለምሳሌ;0
ጫልቱ;0
ለምሳሌ;0
መለያ;0
VoIP;0
SMS;0
WiFiን;1
ሰዎች;3
ሰዎች;3
አስተዳዳሪዎች;3
መዝባሪዎች;3
መንግሥታት;1
ይዘቶች;2
ፖስቶች;3
ጎግል;0
ያሁ;0
ዝርዝር;0
ከኾነ;0
ይመልከቱ;2
ጉዳይ;0
ዓም;0
እንዲሰለል;2
ጥሪ;0
መልዕክቾች;3
ምልልሶች;3
አገልግሎቶች;3
አውታሮችን;1
ለምሳሌ;0
ጫልቱ;0
ለምሳሌ;0
መለያ;0
VoIP;0
SMS;0
WiFiን;1
ሰዎች;3
ሰዎች;3
አስተዳዳሪዎች;3
መዝባሪዎች;3
መንግሥታት;1
ይዘቶች;2
ፖስቶች;3
ጎግል;0
ያሁ;0
ዝርዝር;0
ከኾነ;0
ይመልከቱ;2
ጉዳይ;0
ዓም;0
እንዲሰለል;2
ጥሪ;0
መልዕክቾች;3
ምልልሶች;3
አገልግሎቶች;3
አውታሮችን;1
ለምሳሌ;0
ጫልቱ;0
ለምሳሌ;0
መለያ;0
VoIP;0
SMS;0
WiFiን;1
ሰዎች;3
ሰዎች;3
አስተዳዳሪዎች;3
መዝባሪዎች;3
መንግሥታት;1
ይዘቶች;2
ፖስቶች;3
ጎግል;0
ያሁ;0
ዝርዝር;0
ከኾነ;0
ይመልከቱ;2
ጉዳይ;0
ዓም;0
እንዲሰለል;2
ጥሪ;0
መልዕክቾች;3
ምልልሶች;3
አገልግሎቶች;3
አውታሮችን;1
ለምሳሌ;0
ጫልቱ;0
ለምሳሌ;0
መለያ;0
VoIP;0
SMS;0
WiFiን;1
ሰዎች;3
ሰዎች;3
አስተዳዳሪዎች;3
መዝባሪዎች;3
መንግሥታት;1
ይዘቶች;2
ፖስቶች;3
ጎግል;0
ያሁ;0
ዝርዝር;0
ከኾነ;0
ይመልከቱ;2
ጉዳይ;0
ዓም;0
እንዲሰለል;2
ጥሪ;0
መልዕክቾች;3
ምልልሶች;3
አገልግሎቶች;3
አውታሮችን;1
ለምሳሌ;0
ጫልቱ;0
ለምሳሌ;0
መለያ;0
VoIP;0
SMS;0
WiFiን;1
ሰዎች;3
ሰዎች;3
አስተዳዳሪዎች;3
መዝባሪዎች;3
መንግሥታት;1
ይዘቶች;2
ፖስቶች;3
ጎግል;0
ያሁ;0
ዝርዝር;0
ከኾነ;0
ይመልከቱ;2
ጉዳይ;0
ዓም;0
እንዲሰለል;2
ጥሪ;0
መልዕክቾች;3
ምልልሶች;3
አገልግሎቶች;3
አውታሮችን;1
ለምሳሌ;0
ጫልቱ;0
ለምሳሌ;0
መለያ;0
VoIP;0
SMS;0
WiFiን;1
ሰዎች;3
ሰዎች;3
አስተዳዳሪዎች;3
መዝባሪዎች;3
መንግሥታት;1
ይዘቶች;2
ፖስቶች;3
ጎግል;0
ያሁ;0
ዝርዝር;0
ከኾነ;0
ይመልከቱ;2
ጉዳይ;0
ዓም;0
እንዲሰለል;2
ጥሪ;0
መልዕክቾች;3
ምልልሶች;3
አገልግሎቶች;3
አውታሮችን;1
ለምሳሌ;0
ጫልቱ;0
ለምሳሌ;0
መለያ;0
VoIP;0
SMS;0
WiFiን;1
ሰዎች;3
ሰዎች;3
አስተዳዳሪዎች;3
መዝባሪዎች;3
መንግሥታት;1
ይዘቶች;2
ፖስቶች;3
ጎግል;0
ያሁ;0
ዝርዝር;0
ከኾነ;0
ይመልከቱ;2
ጉዳይ;0
ዓም;0
እንዲሰለል;2
ጥሪ;0
መልዕክቾች;3
ምልልሶች;3
አገልግሎቶች;3
አውታሮችን;1
ለምሳሌ;0
ጫልቱ;0
ለምሳሌ;0
መለያ;0
VoIP;0
SMS;0
WiFiን;1
ሰዎች;3
ሰዎች;3
አስተዳዳሪዎች;3
መዝባሪዎች;3
መንግሥታት;1
ይዘቶች;2
ፖስቶች;3
ጎግል;0
ያሁ;0
ዝርዝር;0
ከኾነ;0
ይመልከቱ;2
ጉዳይ;0
ዓም;0
እንዲሰለል;2
ጥሪ;0
መልዕክቾች;3
ምልልሶች;3
አገልግሎቶች;3
አውታሮችን;1
ለምሳሌ;0
ጫልቱ;0
ለምሳሌ;0
መለያ;0
VoIP;0
SMS;0
WiFiን;1
ሰዎች;3
ሰዎች;3
አስተዳዳሪዎች;3
መዝባሪዎች;3
መንግሥታት;1
ይዘቶች;2
ፖስቶች;3
ጎግል;0
ያሁ;0
ዝርዝር;0
ከኾነ;0
ይመልከቱ;2
ጉዳይ;0
ዓም;0
እንዲሰለል;2
ጥሪ;0
መልዕክቾች;3
ምልልሶች;3
አገልግሎቶች;3
አውታሮችን;1
ለምሳሌ;0
ጫልቱ;0
ለምሳሌ;0
መለያ;0
VoIP;0
SMS;0
WiFiን;1
ሰዎች;3
ሰዎች;3
አስተዳዳሪዎች;3
መዝባሪዎች;3
መንግሥታት;1
ይዘቶች;2
ፖስቶች;3
ጎግል;0
ያሁ;0
ዝርዝር;0
ከኾነ;0
ይመልከቱ;2
ጉዳይ;0
ዓም;0
እንዲሰለል;2
ጥሪ;0
መልዕክቾች;3
ምልልሶች;3
አገልግሎቶች;3
አውታሮችን;1
ለምሳሌ;0
ጫልቱ;0
ለምሳሌ;0
መለያ;0
VoIP;0
SMS;0
WiFiን;1
ሰዎች;3
ሰዎች;3
አስተዳዳሪዎች;3
መዝባሪዎች;3
መንግሥታት;1
ይዘቶች;2
ፖስቶች;3
ጎግል;0
ያሁ;0
ዝርዝር;0
ከኾነ;0
ይመልከቱ;2
ጉዳይ;0
ዓም;0
እንዲሰለል;2
ጥሪ;0
መልዕክቾች;3
ምልልሶች;3
አገልግሎቶች;3
አውታሮችን;1
ለምሳሌ;0
ጫልቱ;0
ለምሳሌ;0
መለያ;0
VoIP;0
SMS;0
WiFiን;1
ሰዎች;3
ሰዎች;3
አስተዳዳሪዎች;3
መዝባሪዎች;3
መንግሥታት;1
ይዘቶች;2
ፖስቶች;3
ጎግል;0
ያሁ;0
ዝርዝር;0
ከኾነ;0
ይመልከቱ;2
ጉዳይ;0
ዓም;0
እንዲሰለል;2
ጥሪ;0
መልዕክቾች;3
ምልልሶች;3
አገልግሎቶች;3
አውታሮችን;1
ለምሳሌ;0
ጫልቱ;0
ለምሳሌ;0
መለያ;0
VoIP;0
SMS;0
WiFiን;1
ሰዎች;3
ሰዎች;3
አስተዳዳሪዎች;3
መዝባሪዎች;3
መንግሥታት;1
ይዘቶች;2
ፖስቶች;3
ጎግል;0
ያሁ;0
ዝርዝር;0
ከኾነ;0
ይመልከቱ;2
ጉዳይ;0
ዓም;0
እንዲሰለል;2
ጥሪ;0
መልዕክቾች;3
ምልልሶች;3
አገልግሎቶች;3
አውታሮችን;1
ለምሳሌ;0
ጫልቱ;0
ለምሳሌ;0
መለያ;0
VoIP;0
SMS;0
WiFiን;1
ሰዎች;3
ሰዎች;3
አስተዳዳሪዎች;3
መዝባሪዎች;3
መንግሥታት;1
ይዘቶች;2
ፖስቶች;3
ጎግል;0
ያሁ;0
ዝርዝር;0
ከኾነ;0
ይመልከቱ;2
ጉዳይ;0
ዓም;0
እንዲሰለል;2
ጥሪ;0
መልዕክቾች;3
ምልልሶች;3
አገልግሎቶች;3
አውታሮችን;1
ለምሳሌ;0
ጫልቱ;0
ለምሳሌ;0
መለያ;0
VoIP;0
SMS;0
WiFiን;1
ሰዎች;3
ሰዎች;3
አስተዳዳሪዎች;3
መዝባሪዎች;3
መንግሥታት;1
ይዘቶች;2
ፖስቶች;3
ጎግል;0
ያሁ;0
ዝርዝር;0
ከኾነ;0
ይመልከቱ;2
ጉዳይ;0
ዓም;0
እንዲሰለል;2
ጥሪ;0
መልዕክቾች;3
ምልልሶች;3
አገልግሎቶች;3
አውታሮችን;1
ለምሳሌ;0
ጫልቱ;0
ለምሳሌ;0
መለያ;0
VoIP;0
SMS;0
WiFiን;1
ሰዎች;3
ሰዎች;3
አስተዳዳሪዎች;3
መዝባሪዎች;3
መንግሥታት;1
ይዘቶች;2
ፖስቶች;3
ጎግል;0
ያሁ;0
ዝርዝር;0
ከኾነ;0
ይመልከቱ;2
ጉዳይ;0
ዓም;0
እንዲሰለል;2
ጥሪ;0
መልዕክቾች;3
ምልልሶች;3
አገልግሎቶች;3
አውታሮችን;1
ለምሳሌ;0
ጫልቱ;0
ለምሳሌ;0
መለያ;0
VoIP;0
SMS;0
WiFiን;1
ሰዎች;3
ሰዎች;3
አስተዳዳሪዎች;3
መዝባሪዎች;3
መንግሥታት;1
ይዘቶች;2
ፖስቶች;3
ጎግል;0
ያሁ;0
ዝርዝር;0
ከኾነ;0
ይመልከቱ;2
ጉዳይ;0
ዓም;0
እንዲሰለል;2
ጥሪ;0
መልዕክቾች;3
ምልልሶች;3
አገልግሎቶች;3
አውታሮችን;1
ለምሳሌ;0
ጫልቱ;0
ለምሳሌ;0
መለያ;0
VoIP;0
SMS;0
WiFiን;1
ሰዎች;3
ሰዎች;3
አስተዳዳሪዎች;3
መዝባሪዎች;3
መንግሥታት;1
ይዘቶች;2
ፖስቶች;3
ጎግል;0
ያሁ;0
ዝርዝር;0
ከኾነ;0
ይመልከቱ;2
ጉዳይ;0
ዓም;0
እንዲሰለል;2
ጥሪ;0
መልዕክቾች;3
ምልልሶች;3
አገልግሎቶች;3
አውታሮችን;1
ለምሳሌ;0
ጫልቱ;0
ለምሳሌ;0
መለያ;0
VoIP;0
SMS;0
WiFiን;1
ሰዎች;3
ሰዎች;3
አስተዳዳሪዎች;3
መዝባሪዎች;3
መንግሥታት;1
ይዘቶች;2
ፖስቶች;3
ጎግል;0
ያሁ;0
ዝርዝር;0
ከኾነ;0
ይመልከቱ;2
ጉዳይ;0
ዓም;0
እንዲሰለል;2
ጥሪ;0
መልዕክቾች;3
ምልልሶች;3
አገልግሎቶች;3
አውታሮችን;1
ለምሳሌ;0
ጫልቱ;0
ለምሳሌ;0
መለያ;0
VoIP;0
SMS;0
WiFiን;1
ሰዎች;3
ሰዎች;3
አስተዳዳሪዎች;3
መዝባሪዎች;3
መንግሥታት;1
ይዘቶች;2
ፖስቶች;3
ጎግል;0
ያሁ;0
ዝርዝር;0
ከኾነ;0
ይመልከቱ;2
ጉዳይ;0
ዓም;0
እንዲሰለል;2
ጥሪ;0
መልዕክቾች;3
ምልልሶች;3
አገልግሎቶች;3
አውታሮችን;1
ለምሳሌ;0
ጫልቱ;0
ለምሳሌ;0
መለያ;0
VoIP;0
SMS;0
WiFiን;1
ሰዎች;3
ሰዎች;3
አስተዳዳሪዎች;3
መዝባሪዎች;3
መንግሥታት;1
ይዘቶች;2
ፖስቶች;3
ጎግል;0
ያሁ;0
ዝርዝር;0
ከኾነ;0
ይመልከቱ;2
ጉዳይ;0
ዓም;0
እንዲሰለል;2
ጥሪ;0
መልዕክቾች;3
ምልልሶች;3
አገልግሎቶች;3
አውታሮችን;1
ለምሳሌ;0
ጫልቱ;0
ለምሳሌ;0
መለያ;0
VoIP;0
SMS;0
WiFiን;1
ሰዎች;3
ሰዎች;3
አስተዳዳሪዎች;3
መዝባሪዎች;3
መንግሥታት;1
ይዘቶች;2
ፖስቶች;3
ጎግል;0
ያሁ;0
ዝርዝር;0
ከኾነ;0
ይመልከቱ;2
ጉዳይ;0
ዓም;0
እንዲሰለል;2
ጥሪ;0
መልዕክቾች;3
ምልልሶች;3
አገልግሎቶች;3
አውታሮችን;1
ለምሳሌ;0
ጫልቱ;0
ለምሳሌ;0
መለያ;0
VoIP;0
SMS;0
WiFiን;1
ሰዎች;3
ሰዎች;3
አስተዳዳሪዎች;3
መዝባሪዎች;3
መንግሥታት;1
ይዘቶች;2
ፖስቶች;3
ጎግል;0
ያሁ;0
ዝርዝር;0
ከኾነ;0
ይመልከቱ;2
ጉዳይ;0
ዓም;0
እንዲሰለል;2
ጥሪ;0
መልዕክቾች;3
ምልልሶች;3
አገልግሎቶች;3
አውታሮችን;1
ለምሳሌ;0
ጫልቱ;0
ለምሳሌ;0
መለያ;0
VoIP;0
SMS;0
WiFiን;1
ሰዎች;3
ሰዎች;3
አስተዳዳሪዎች;3
መዝባሪዎች;3
መንግሥታት;1
ይዘቶች;2
ፖስቶች;3
ጎግል;0
ያሁ;0
ዝርዝር;0
ከኾነ;0
ይመልከቱ;2
ጉዳይ;0
ዓም;0
እንዲሰለል;2
ጥሪ;0
መልዕክቾች;3
ምልልሶች;3
አገልግሎቶች;3
አውታሮችን;1
ለምሳሌ;0
ጫልቱ;0
ለምሳሌ;0
መለያ;0
VoIP;0
SMS;0
WiFiን;1
ሰዎች;3
ሰዎች;3
አስተዳዳሪዎች;3
መዝባሪዎች;3
መንግሥታት;1
ይዘቶች;2
ፖስቶች;3
ጎግል;0
ያሁ;0
ዝርዝር;0
ከኾነ;0
ይመልከቱ;2
ጉዳይ;0
ዓም;0
እንዲሰለል;2
ጥሪ;0
መልዕክቾች;3
ምልልሶች;3
አገልግሎቶች;3
አውታሮችን;1
ለምሳሌ;0
ጫልቱ;0
ለምሳሌ;0
መለያ;0
VoIP;0
SMS;0
WiFiን;1
ሰዎች;3
ሰዎች;3
አስተዳዳሪዎች;3
መዝባሪዎች;3
መንግሥታት;1
ይዘቶች;2
ፖስቶች;3
ጎግል;0
ያሁ;0
ዝርዝር;0
ከኾነ;0
ይመልከቱ;2
ጉዳይ;0
ዓም;0
እንዲሰለል;2
ጥሪ;0
መልዕክቾች;3
ምልልሶች;3
አገልግሎቶች;3
አውታሮችን;1
ለምሳሌ;0
ጫልቱ;0
ለምሳሌ;0
መለያ;0
VoIP;0
SMS;0
WiFiን;1
ሰዎች;3
ሰዎች;3
አስተዳዳሪዎች;3
መዝባሪዎች;3
መንግሥታት;1
ይዘቶች;2
ፖስቶች;3
ጎግል;0
ያሁ;0
ዝርዝር;0
ከኾነ;0
ይመልከቱ;2
ጉዳይ;0
ዓም;0
እንዲሰለል;2
ጥሪ;0
መልዕክቾች;3
ምልልሶች;3
አገልግሎቶች;3
አውታሮችን;1
ለምሳሌ;0
ጫልቱ;0
ለምሳሌ;0
መለያ;0
VoIP;0
SMS;0
WiFiን;1
ሰዎች;3
ሰዎች;3
አስተዳዳሪዎች;3
መዝባሪዎች;3
መንግሥታት;1
ይዘቶች;2
ፖስቶች;3
ጎግል;0
ያሁ;0
ዝርዝር;0
ከኾነ;0
ይመልከቱ;2
ጉዳይ;0
ዓም;0
እንዲሰለል;2
ጥሪ;0
መልዕክቾች;3
ምልልሶች;3
አገልግሎቶች;3
አውታሮችን;1
ለምሳሌ;0
ጫልቱ;0
ለምሳሌ;0
መለያ;0
VoIP;0
SMS;0
WiFiን;1
ሰዎች;3
ሰዎች;3
አስተዳዳሪዎች;3
መዝባሪዎች;3
መንግሥታት;1
ይዘቶች;2
ፖስቶች;3
ጎግል;0
ያሁ;0
ዝርዝር;0
ከኾነ;0
ይመልከቱ;2
ጉዳይ;0
ዓም;0
እንዲሰለል;2
ጥሪ;0
መልዕክቾች;3
ምልልሶች;3
አገልግሎቶች;3
አውታሮችን;1
ለምሳሌ;0
ጫልቱ;0
ለምሳሌ;0
መለያ;0
VoIP;0
SMS;0
WiFiን;1
ሰዎች;3
ሰዎች;3
አስተዳዳሪዎች;3
መዝባሪዎች;3
መንግሥታት;1
ይዘቶች;2
ፖስቶች;3
ጎግል;0
ያሁ;0
ዝርዝር;0
ከኾነ;0
ይመልከቱ;2
ጉዳይ;0
ዓም;0
እንዲሰለል;2
ጥሪ;0
መልዕክቾች;3
ምልልሶች;3
አገልግሎቶች;3
አውታሮችን;1
ለምሳሌ;0
ጫልቱ;0
ለምሳሌ;0
መለያ;0
VoIP;0
SMS;0
WiFiን;1
ሰዎች;3
ሰዎች;3
አስተዳዳሪዎች;3
መዝባሪዎች;3
መንግሥታት;1
ይዘቶች;2
ፖስቶች;3
ጎግል;0
ያሁ;0
ዝርዝር;0
ከኾነ;0
ይመልከቱ;2
ጉዳይ;0
ዓም;0
እንዲሰለል;2
ጥሪ;0
መልዕክቾች;3
ምልልሶች;3
አገልግሎቶች;3
አውታሮችን;1
ለምሳሌ;0
ጫልቱ;0
ለምሳሌ;0
መለያ;0
VoIP;0
SMS;0
WiFiን;1
ሰዎች;3
ሰዎች;3
አስተዳዳሪዎች;3
መዝባሪዎች;3
መንግሥታት;1
ይዘቶች;2
ፖስቶች;3
ጎግል;0
ያሁ;0
ዝርዝር;0
ከኾነ;0
ይመልከቱ;2
ጉዳይ;0
ዓም;0
እንዲሰለል;2
ጥሪ;0
መልዕክቾች;3
ምልልሶች;3
አገልግሎቶች;3
አውታሮችን;1
ለምሳሌ;0
ጫልቱ;0
ለምሳሌ;0
መለያ;0
VoIP;0
SMS;0
WiFiን;1
ሰዎች;3
ሰዎች;3
አስተዳዳሪዎች;3
መዝባሪዎች;3
መንግሥታት;1
ይዘቶች;2
ፖስቶች;3
ጎግል;0
ያሁ;0
ዝርዝር;0
ከኾነ;0
ይመልከቱ;2
ጉዳይ;0
ዓም;0
እንዲሰለል;2
ጥሪ;0
መልዕክቾች;3
ምልልሶች;3
አገልግሎቶች;3
አውታሮችን;1
ለምሳሌ;0
ጫልቱ;0
ለምሳሌ;0
መለያ;0
VoIP;0
SMS;0
WiFiን;1
ሰዎች;3
ሰዎች;3
አስተዳዳሪዎች;3
መዝባሪዎች;3
መንግሥታት;1
ይዘቶች;2
ፖስቶች;3
ጎግል;0
ያሁ;0
ዝርዝር;0
ከኾነ;0
ይመልከቱ;2
ጉዳይ;0
ዓም;0
እንዲሰለል;2
ጥሪ;0
መልዕክቾች;3
ምልልሶች;3
አገልግሎቶች;3
አውታሮችን;1
ለምሳሌ;0
ጫልቱ;0
ለምሳሌ;0
መለያ;0
VoIP;0
SMS;0
WiFiን;1
ሰዎች;3
ሰዎች;3
አስተዳዳሪዎች;3
መዝባሪዎች;3
መንግሥታት;1
ይዘቶች;2
ፖስቶች;3
ጎግል;0
ያሁ;0
ዝርዝር;0
ከኾነ;0
ይመልከቱ;2
ጉዳይ;0
ዓም;0
እንዲሰለል;2
ጥሪ;0
መልዕክቾች;3
ምልልሶች;3
አገልግሎቶች;3
አውታሮችን;1
ለምሳሌ;0
ጫልቱ;0
ለምሳሌ;0
መለያ;0
VoIP;0
SMS;0
WiFiን;1
ሰዎች;3
ሰዎች;3
አስተዳዳሪዎች;3
መዝባሪዎች;3
መንግሥታት;1
ይዘቶች;2
ፖስቶች;3
ጎግል;0
ያሁ;0
ዝርዝር;0
ከኾነ;0
ይመልከቱ;2
ጉዳይ;0
ዓም;0
እንዲሰለል;2
ጥሪ;0
መልዕክቾች;3
ምልልሶች;3
አገልግሎቶች;3
አውታሮችን;1
ለምሳሌ;0
ጫልቱ;0
ለምሳሌ;0
መለያ;0
VoIP;0
SMS;0
WiFiን;1
ሰዎች;3
ሰዎች;3
አስተዳዳሪዎች;3
መዝባሪዎች;3
መንግሥታት;1
ይዘቶች;2
ፖስቶች;3
ጎግል;0
ያሁ;0
ዝርዝር;0
ከኾነ;0
ይመልከቱ;2
ጉዳይ;0
ዓም;0
እንዲሰለል;2
ጥሪ;0
መልዕክቾች;3
ምልልሶች;3
አገልግሎቶች;3
አውታሮችን;1
ለምሳሌ;0
ጫልቱ;0
ለምሳሌ;0
መለያ;0
VoIP;0
SMS;0
WiFiን;1
ሰዎች;3
ሰዎች;3
አስተዳዳሪዎች;3
መዝባሪዎች;3
መንግሥታት;1
ይዘቶች;2
ፖስቶች;3
ጎግል;0
ያሁ;0
ዝርዝር;0
ከኾነ;0
ይመልከቱ;2
ጉዳይ;0
ዓም;0
እንዲሰለል;2
ጥሪ;0
መልዕክቾች;3
ምልልሶች;3
አገልግሎቶች;3
አውታሮችን;1
ለምሳሌ;0
ጫልቱ;0
ለምሳሌ;0
መለያ;0
VoIP;0
SMS;0
WiFiን;1
ሰዎች;3
ሰዎች;3
አስተዳዳሪዎች;3
መዝባሪዎች;3
መንግሥታት;1
ይዘቶች;2
ፖስቶች;3
ጎግል;0
ያሁ;0
ዝርዝር;0
ከኾነ;0
ይመልከቱ;2
ጉዳይ;0
ዓም;0
እንዲሰለል;2
ጥሪ;0
መልዕክቾች;3
ምልልሶች;3
አገልግሎቶች;3
አውታሮችን;1
ለምሳሌ;0
ጫልቱ;0
ለምሳሌ;0
መለያ;0
VoIP;0
SMS;0
WiFiን;1
ሰዎች;3
ሰዎች;3
አስተዳዳሪዎች;3
መዝባሪዎች;3
መንግሥታት;1
ይዘቶች;2
ፖስቶች;3
ጎግል;0
ያሁ;0
ዝርዝር;0
ከኾነ;0
ይመልከቱ;2
ጉዳይ;0
ዓም;0
እንዲሰለል;2
ጥሪ;0
መልዕክቾች;3
ምልልሶች;3
አገልግሎቶች;3
አውታሮችን;1
ለምሳሌ;0
ጫልቱ;0
ለምሳሌ;0
መለያ;0
VoIP;0
SMS;0
WiFiን;1
ሰዎች;3
ሰዎች;3
አስተዳዳሪዎች;3
መዝባሪዎች;3
መንግሥታት;1
ይዘቶች;2
ፖስቶች;3
ጎግል;0
ያሁ;0
ዝርዝር;0
ከኾነ;0
ይመልከቱ;2
ጉዳይ;0
ዓም;0
እንዲሰለል;2
ጥሪ;0
መልዕክቾች;3
ምልልሶች;3
አገልግሎቶች;3
አውታሮችን;1
ለምሳሌ;0
ጫልቱ;0
ለምሳሌ;0
መለያ;0
VoIP;0
SMS;0
WiFiን;1
ሰዎች;3
ሰዎች;3
አስተዳዳሪዎች;3
መዝባሪዎች;3
መንግሥታት;1
ይዘቶች;2
ፖስቶች;3
ጎግል;0
ያሁ;0
ዝርዝር;0
ከኾነ;0
ይመልከቱ;2
ጉዳይ;0
ዓም;0
እንዲሰለል;2
ጥሪ;0
መልዕክቾች;3
ምልልሶች;3
አገልግሎቶች;3
አውታሮችን;1
ለምሳሌ;0
ጫልቱ;0
ለምሳሌ;0
መለያ;0
VoIP;0
SMS;0
WiFiን;1
ሰዎች;3
ሰዎች;3
አስተዳዳሪዎች;3
መዝባሪዎች;3
መንግሥታት;1
ይዘቶች;2
ፖስቶች;3
ጎግል;0
ያሁ;0
ዝርዝር;0
ከኾነ;0
ይመልከቱ;2
ጉዳይ;0
ዓም;0
እንዲሰለል;2
ጥሪ;0
መልዕክቾች;3
ምልልሶች;3
አገልግሎቶች;3
አውታሮችን;1
ለምሳሌ;0
ጫልቱ;0
ለምሳሌ;0
መለያ;0
VoIP;0
SMS;0
WiFiን;1
ሰዎች;3
ሰዎች;3
አስተዳዳሪዎች;3
መዝባሪዎች;3
መንግሥታት;1
ይዘቶች;2
ፖስቶች;3
ጎግል;0
ያሁ;0
ዝርዝር;0
ከኾነ;0
ይመልከቱ;2
ጉዳይ;0
ዓም;0
እንዲሰለል;2
ጥሪ;0
መልዕክቾች;3
ምልልሶች;3
አገልግሎቶች;3
አውታሮችን;1
ለምሳሌ;0
ጫልቱ;0
ለምሳሌ;0
መለያ;0
VoIP;0
SMS;0
WiFiን;1
ሰዎች;3
ሰዎች;3
አስተዳዳሪዎች;3
መዝባሪዎች;3
መንግሥታት;1
ይዘቶች;2
ፖስቶች;3
ጎግል;0
ያሁ;0
ዝርዝር;0
ከኾነ;0
ይመልከቱ;2
ጉዳይ;0
ዓም;0
እንዲሰለል;2
ጥሪ;0
መልዕክቾች;3
ምልልሶች;3
አገልግሎቶች;3
አውታሮችን;1
ለምሳሌ;0
ጫልቱ;0
ለምሳሌ;0
መለያ;0
VoIP;0
SMS;0
WiFiን;1
ሰዎች;3
ሰዎች;3
አስተዳዳሪዎች;3
መዝባሪዎች;3
መንግሥታት;1
ይዘቶች;2
ፖስቶች;3
ጎግል;0
ያሁ;0
ዝርዝር;0
ከኾነ;0
ይመልከቱ;2
ጉዳይ;0
ዓም;0
እንዲሰለል;2
ጥሪ;0
መልዕክቾች;3
ምልልሶች;3
አገልግሎቶች;3
አውታሮችን;1
ለምሳሌ;0
ጫልቱ;0
ለምሳሌ;0
መለያ;0
VoIP;0
SMS;0
WiFiን;1
ሰዎች;3
ሰዎች;3
አስተዳዳሪዎች;3
መዝባሪዎች;3
መንግሥታት;1
ይዘቶች;2
ፖስቶች;3
ጎግል;0
ያሁ;0
ዝርዝር;0
ከኾነ;0
ይመልከቱ;2
ጉዳይ;0
ዓም;0
እንዲሰለል;2
ጥሪ;0
መልዕክቾች;3
ምልልሶች;3
አገልግሎቶች;3
አውታሮችን;1
ለምሳሌ;0
ጫልቱ;0
ለምሳሌ;0
መለያ;0
VoIP;0
SMS;0
WiFiን;1
ሰዎች;3
ሰዎች;3
አስተዳዳሪዎች;3
መዝባሪዎች;3
መንግሥታት;1
ይዘቶች;2
ፖስቶች;3
ጎግል;0
ያሁ;0
ዝርዝር;0
ከኾነ;0
ይመልከቱ;2
ጉዳይ;0
ዓም;0
እንዲሰለል;2
ጥሪ;0
መልዕክቾች;3
ምልልሶች;3
አገልግሎቶች;3
አውታሮችን;1
ለምሳሌ;0
ጫልቱ;0
ለምሳሌ;0
መለያ;0
VoIP;0
SMS;0
WiFiን;1
ሰዎች;3
ሰዎች;3
አስተዳዳሪዎች;3
መዝባሪዎች;3
መንግሥታት;1
ይዘቶች;2
ፖስቶች;3
ጎግል;0
ያሁ;0
ዝርዝር;0
ከኾነ;0
ይመልከቱ;2
ጉዳይ;0
ዓም;0
እንዲሰለል;2
ጥሪ;0
መልዕክቾች;3
ምልልሶች;3
አገልግሎቶች;3
አውታሮችን;1
ለምሳሌ;0
ጫልቱ;0
ለምሳሌ;0
መለያ;0
VoIP;0
SMS;0
WiFiን;1
ሰዎች;3
ሰዎች;3
አስተዳዳሪዎች;3
መዝባሪዎች;3
መንግሥታት;1
ይዘቶች;2
ፖስቶች;3
ጎግል;0
ያሁ;0
ዝርዝር;0
ከኾነ;0
ይመልከቱ;2
ጉዳይ;0
ዓም;0
እንዲሰለል;2
ጥሪ;0
መልዕክቾች;3
ምልልሶች;3
አገልግሎቶች;3
አውታሮችን;1
ለምሳሌ;0
ጫልቱ;0
ለምሳሌ;0
መለያ;0
VoIP;0
SMS;0
WiFiን;1
ሰዎች;3
ሰዎች;3
አስተዳዳሪዎች;3
መዝባሪዎች;3
መንግሥታት;1
ይዘቶች;2
ፖስቶች;3
ጎግል;0
ያሁ;0
ዝርዝር;0
ከኾነ;0
ይመልከቱ;2
ጉዳይ;0
ዓም;0
እንዲሰለል;2
ጥሪ;0
መልዕክቾች;3
ምልልሶች;3
አገልግሎቶች;3
አውታሮችን;1
ለምሳሌ;0
ጫልቱ;0
ለምሳሌ;0
መለያ;0
VoIP;0
SMS;0
WiFiን;1
ሰዎች;3
ሰዎች;3
አስተዳዳሪዎች;3
መዝባሪዎች;3
መንግሥታት;1
ይዘቶች;2
ፖስቶች;3
ጎግል;0
ያሁ;0
ዝርዝር;0
ከኾነ;0
ይመልከቱ;2
ጉዳይ;0
ዓም;0
እንዲሰለል;2
ጥሪ;0
መልዕክቾች;3
ምልልሶች;3
አገልግሎቶች;3
አውታሮችን;1
ለምሳሌ;0
ጫልቱ;0
ለምሳሌ;0
መለያ;0
VoIP;0
SMS;0
WiFiን;1
ሰዎች;3
ሰዎች;3
አስተዳዳሪዎች;3
መዝባሪዎች;3
መንግሥታት;1
ይዘቶች;2
ፖስቶች;3
ጎግል;0
ያሁ;0
ዝርዝር;0
ከኾነ;0
ይመልከቱ;2
ጉዳይ;0
ዓም;0
እንዲሰለል;2
ጥሪ;0
መልዕክቾች;3
ምልልሶች;3
አገልግሎቶች;3
አውታሮችን;1
ለምሳሌ;0
ጫልቱ;0
ለምሳሌ;0
መለያ;0
VoIP;0
SMS;0
WiFiን;1
ሰዎች;3
ሰዎች;3
አስተዳዳሪዎች;3
መዝባሪዎች;3
መንግሥታት;1
ይዘቶች;2
ፖስቶች;3
ጎግል;0
ያሁ;0
ዝርዝር;0
ከኾነ;0
ይመልከቱ;2
ጉዳይ;0
ዓም;0
እንዲሰለል;2
ጥሪ;0
መልዕክቾች;3
ምልልሶች;3
አገልግሎቶች;3
አውታሮችን;1
ለምሳሌ;0
ጫልቱ;0
ለምሳሌ;0
መለያ;0
VoIP;0
SMS;0
WiFiን;1
ሰዎች;3
ሰዎች;3
አስተዳዳሪዎች;3
መዝባሪዎች;3
መንግሥታት;1
ይዘቶች;2
ፖስቶች;3
ጎግል;0
ያሁ;0
ዝርዝር;0
ከኾነ;0
ይመልከቱ;2
ጉዳይ;0
ዓም;0
እንዲሰለል;2
ጥሪ;0
መልዕክቾች;3
ምልልሶች;3
አገልግሎቶች;3
አውታሮችን;1
ለምሳሌ;0
ጫልቱ;0
ለምሳሌ;0
መለያ;0
VoIP;0
SMS;0
WiFiን;1
ሰዎች;3
ሰዎች;3
አስተዳዳሪዎች;3
መዝባሪዎች;3
መንግሥታት;1
ይዘቶች;2
ፖስቶች;3
ጎግል;0
ያሁ;0
ዝርዝር;0
ከኾነ;0
ይመልከቱ;2
ጉዳይ;0
ዓም;0
እንዲሰለል;2
ጥሪ;0
መልዕክቾች;3
ምልልሶች;3
አገልግሎቶች;3
አውታሮችን;1
ለምሳሌ;0
ጫልቱ;0
ለምሳሌ;0
መለያ;0
VoIP;0
SMS;0
WiFiን;1
ሰዎች;3
ሰዎች;3
አስተዳዳሪዎች;3
መዝባሪዎች;3
መንግሥታት;1
ይዘቶች;2
ፖስቶች;3
ጎግል;0
ያሁ;0
ዝርዝር;0
ከኾነ;0
ይመልከቱ;2
ጉዳይ;0
ዓም;0
እንዲሰለል;2
ጥሪ;0
መልዕክቾች;3
ምልልሶች;3
አገልግሎቶች;3
አውታሮችን;1
ለምሳሌ;0
ጫልቱ;0
ለምሳሌ;0
መለያ;0
VoIP;0
SMS;0
WiFiን;1
ሰዎች;3
ሰዎች;3
አስተዳዳሪዎች;3
መዝባሪዎች;3
መንግሥታት;1
ይዘቶች;2
ፖስቶች;3
ጎግል;0
ያሁ;0
ዝርዝር;0
ከኾነ;0
ይመልከቱ;2
ጉዳይ;0
ዓም;0
እንዲሰለል;2
ጥሪ;0
መልዕክቾች;3
ምልልሶች;3
አገልግሎቶች;3
አውታሮችን;1
ለምሳሌ;0
ጫልቱ;0
ለምሳሌ;0
መለያ;0
VoIP;0
SMS;0
WiFiን;1
ሰዎች;3
ሰዎች;3
አስተዳዳሪዎች;3
መዝባሪዎች;3
መንግሥታት;1
ይዘቶች;2
ፖስቶች;3
ጎግል;0
ያሁ;0
ዝርዝር;0
ከኾነ;0
ይመልከቱ;2
ጉዳይ;0
ዓም;0
እንዲሰለል;2
ጥሪ;0
መልዕክቾች;3
ምልልሶች;3
አገልግሎቶች;3
አውታሮችን;1
ለምሳሌ;0
ጫልቱ;0
ለምሳሌ;0
መለያ;0
VoIP;0
SMS;0
WiFiን;1
ሰዎች;3
ሰዎች;3
አስተዳዳሪዎች;3
መዝባሪዎች;3
መንግሥታት;1
ይዘቶች;2
ፖስቶች;3
ጎግል;0
ያሁ;0
ዝርዝር;0
ከኾነ;0
ይመልከቱ;2
ጉዳይ;0
ዓም;0
እንዲሰለል;2
ጥሪ;0
መልዕክቾች;3
ምልልሶች;3
አገልግሎቶች;3
አውታሮችን;1
ለምሳሌ;0
ጫልቱ;0
ለምሳሌ;0
መለያ;0
VoIP;0
SMS;0
WiFiን;1
ሰዎች;3
ሰዎች;3
አስተዳዳሪዎች;3
መዝባሪዎች;3
መንግሥታት;1
ይዘቶች;2
ፖስቶች;3
ጎግል;0
ያሁ;0
ዝርዝር;0
ከኾነ;0
ይመልከቱ;2
ጉዳይ;0
ዓም;0
እንዲሰለል;2
ጥሪ;0
መልዕክቾች;3
ምልልሶች;3
አገልግሎቶች;3
አውታሮችን;1
ለምሳሌ;0
ጫልቱ;0
ለምሳሌ;0
መለያ;0
VoIP;0
SMS;0
WiFiን;1
ሰዎች;3
ሰዎች;3
አስተዳዳሪዎች;3
መዝባሪዎች;3
መንግሥታት;1
ይዘቶች;2
ፖስቶች;3
ጎግል;0
ያሁ;0
ዝርዝር;0
ከኾነ;0
ይመልከቱ;2
ጉዳይ;0
ዓም;0
እንዲሰለል;2
ጥሪ;0
መልዕክቾች;3
ምልልሶች;3
አገልግሎቶች;3
አውታሮችን;1
ለምሳሌ;0
ጫልቱ;0
ለምሳሌ;0
መለያ;0
VoIP;0
SMS;0
WiFiን;1
ሰዎች;3
ሰዎች;3
አስተዳዳሪዎች;3
መዝባሪዎች;3
መንግሥታት;1
ይዘቶች;2
ፖስቶች;3
ጎግል;0
ያሁ;0
ዝርዝር;0
ከኾነ;0
ይመልከቱ;2
ጉዳይ;0
ዓም;0
እንዲሰለል;2
ጥሪ;0
መልዕክቾች;3
ምልልሶች;3
አገልግሎቶች;3
አውታሮችን;1
ለምሳሌ;0
ጫልቱ;0
ለምሳሌ;0
መለያ;0
VoIP;0
SMS;0
WiFiን;1
ሰዎች;3
ሰዎች;3
አስተዳዳሪዎች;3
መዝባሪዎች;3
መንግሥታት;1
ይዘቶች;2
ፖስቶች;3
ጎግል;0
ያሁ;0
ዝርዝር;0
ከኾነ;0
ይመልከቱ;2
ጉዳይ;0
ዓም;0
እንዲሰለል;2
ጥሪ;0
መልዕክቾች;3
ምልልሶች;3
አገልግሎቶች;3
አውታሮችን;1
ለምሳሌ;0
ጫልቱ;0
ለምሳሌ;0
መለያ;0
VoIP;0
SMS;0
WiFiን;1
ሰዎች;3
ሰዎች;3
አስተዳዳሪዎች;3
መዝባሪዎች;3
መንግሥታት;1
ይዘቶች;2
ፖስቶች;3
ጎግል;0
ያሁ;0
ዝርዝር;0
ከኾነ;0
ይመልከቱ;2
ጉዳይ;0
ዓም;0
እንዲሰለል;2
ጥሪ;0
መልዕክቾች;3
ምልልሶች;3
አገልግሎቶች;3
አውታሮችን;1
ለምሳሌ;0
ጫልቱ;0
ለምሳሌ;0
መለያ;0
VoIP;0
SMS;0
WiFiን;1
ሰዎች;3
ሰዎች;3
አስተዳዳሪዎች;3
መዝባሪዎች;3
መንግሥታት;1
ይዘቶች;2
ፖስቶች;3
ጎግል;0
ያሁ;0
ዝርዝር;0
ከኾነ;0
ይመልከቱ;2
ጉዳይ;0
ዓም;0
እንዲሰለል;2
ጥሪ;0
መልዕክቾች;3
ምልልሶች;3
አገልግሎቶች;3
አውታሮችን;1
ለምሳሌ;0
ጫልቱ;0
ለምሳሌ;0
መለያ;0
VoIP;0
SMS;0
WiFiን;1
ሰዎች;3
ሰዎች;3
አስተዳዳሪዎች;3
መዝባሪዎች;3
መንግሥታት;1
ይዘቶች;2
ፖስቶች;3
ጎግል;0
ያሁ;0
ዝርዝር;0
ከኾነ;0
ይመልከቱ;2
ጉዳይ;0
ዓም;0
እንዲሰለል;2
ጥሪ;0
መልዕክቾች;3
ምልልሶች;3
አገልግሎቶች;3
አውታሮችን;1
ለምሳሌ;0
ጫልቱ;0
ለምሳሌ;0
መለያ;0
VoIP;0
SMS;0
WiFiን;1
ሰዎች;3
ሰዎች;3
አስተዳዳሪዎች;3
መዝባሪዎች;3
መንግሥታት;1
ይዘቶች;2
ፖስቶች;3
ጎግል;0
ያሁ;0
ዝርዝር;0
ከኾነ;0
ይመልከቱ;2
ጉዳይ;0
ዓም;0
እንዲሰለል;2
ጥሪ;0
መልዕክቾች;3
ምልልሶች;3
አገልግሎቶች;3
አውታሮችን;1
ለምሳሌ;0
ጫልቱ;0
ለምሳሌ;0
መለያ;0
VoIP;0
SMS;0
WiFiን;1
ሰዎች;3
ሰዎች;3
አስተዳዳሪዎች;3
መዝባሪዎች;3
መንግሥታት;1
ይዘቶች;2
ፖስቶች;3
ጎግል;0
ያሁ;0
ዝርዝር;0
ከኾነ;0
ይመልከቱ;2
ጉዳይ;0
ዓም;0
እንዲሰለል;2
ጥሪ;0
መልዕክቾች;3
ምልልሶች;3
አገልግሎቶች;3
አውታሮችን;1
ለምሳሌ;0
ጫልቱ;0
ለምሳሌ;0
መለያ;0
VoIP;0
SMS;0
WiFiን;1
ሰዎች;3
ሰዎች;3
አስተዳዳሪዎች;3
መዝባሪዎች;3
መንግሥታት;1
ይዘቶች;2
ፖስቶች;3
ጎግል;0
ያሁ;0
ዝርዝር;0
ከኾነ;0
ይመልከቱ;2
ጉዳይ;0
ዓም;0
እንዲሰለል;2
ጥሪ;0
መልዕክቾች;3
ምልልሶች;3
አገልግሎቶች;3
አውታሮችን;1
ለምሳሌ;0
ጫልቱ;0
ለምሳሌ;0
መለያ;0
VoIP;0
SMS;0
WiFiን;1
ሰዎች;3
ሰዎች;3
አስተዳዳሪዎች;3
መዝባሪዎች;3
መንግሥታት;1
ይዘቶች;2
ፖስቶች;3
ጎግል;0
ያሁ;0
ዝርዝር;0
ከኾነ;0
ይመልከቱ;2
ጉዳይ;0
ዓም;0
እንዲሰለል;2
ጥሪ;0
መልዕክቾች;3
ምልልሶች;3
አገልግሎቶች;3
አውታሮችን;1
ለምሳሌ;0
ጫልቱ;0
ለምሳሌ;0
መለያ;0
VoIP;0
SMS;0
WiFiን;1
ሰዎች;3
ሰዎች;3
አስተዳዳሪዎች;3
መዝባሪዎች;3
መንግሥታት;1
ይዘቶች;2
ፖስቶች;3
ጎግል;0
ያሁ;0
ዝርዝር;0
ከኾነ;0
ይመልከቱ;2
ጉዳይ;0
ዓም;0
እንዲሰለል;2
ጥሪ;0
መልዕክቾች;3
ምልልሶች;3
አገልግሎቶች;3
አውታሮችን;1
ለምሳሌ;0
ጫልቱ;0
ለምሳሌ;0
መለያ;0
VoIP;0
SMS;0
WiFiን;1
ሰዎች;3
ሰዎች;3
አስተዳዳሪዎች;3
መዝባሪዎች;3
መንግሥታት;1
ይዘቶች;2
ፖስቶች;3
ጎግል;0
ያሁ;0
ዝርዝር;0
ከኾነ;0
ይመልከቱ;2
ጉዳይ;0
ዓም;0
እንዲሰለል;2
ጥሪ;0
መልዕክቾች;3
ምልልሶች;3
አገልግሎቶች;3
አውታሮችን;1
ለምሳሌ;0
ጫልቱ;0
ለምሳሌ;0
መለያ;0
VoIP;0
SMS;0
WiFiን;1
ሰዎች;3
ሰዎች;3
አስተዳዳሪዎች;3
መዝባሪዎች;3
መንግሥታት;1
ይዘቶች;2
ፖስቶች;3
ጎግል;0
ያሁ;0
ዝርዝር;0
ከኾነ;0
ይመልከቱ;2
ጉዳይ;0
ዓም;0
እንዲሰለል;2
ጥሪ;0
መልዕክቾች;3
ምልልሶች;3
አገልግሎቶች;3
አውታሮችን;1
ለምሳሌ;0
ጫልቱ;0
ለምሳሌ;0
መለያ;0
VoIP;0
SMS;0
WiFiን;1
ሰዎች;3
ሰዎች;3
አስተዳዳሪዎች;3
መዝባሪዎች;3
መንግሥታት;1
ይዘቶች;2
ፖስቶች;3
ጎግል;0
ያሁ;0
ዝርዝር;0
ከኾነ;0
ይመልከቱ;2
ጉዳይ;0
ዓም;0
እንዲሰለል;2
ጥሪ;0
መልዕክቾች;3
ምልልሶች;3
አገልግሎቶች;3
አውታሮችን;1
ለምሳሌ;0
ጫልቱ;0
ለምሳሌ;0
መለያ;0
VoIP;0
SMS;0
WiFiን;1
ሰዎች;3
ሰዎች;3
አስተዳዳሪዎች;3
መዝባሪዎች;3
መንግሥታት;1
ይዘቶች;2
ፖስቶች;3
ጎግል;0
ያሁ;0
ዝርዝር;0
ከኾነ;0
ይመልከቱ;2
ጉዳይ;0
ዓም;0
እንዲሰለል;2
ጥሪ;0
መልዕክቾች;3
ምልልሶች;3
አገልግሎቶች;3
አውታሮችን;1
ለምሳሌ;0
ጫልቱ;0
ለምሳሌ;0
መለያ;0
VoIP;0
SMS;0
WiFiን;1
ሰዎች;3
ሰዎች;3
አስተዳዳሪዎች;3
መዝባሪዎች;3
መንግሥታት;1
ይዘቶች;2
ፖስቶች;3
ጎግል;0
ያሁ;0
ዝርዝር;0
ከኾነ;0
ይመልከቱ;2
ጉዳይ;0
ዓም;0
እንዲሰለል;2
ጥሪ;0
መልዕክቾች;3
ምልልሶች;3
አገልግሎቶች;3
አውታሮችን;1
ለምሳሌ;0
ጫልቱ;0
ለምሳሌ;0
መለያ;0
VoIP;0
SMS;0
WiFiን;1
ሰዎች;3
ሰዎች;3
አስተዳዳሪዎች;3
መዝባሪዎች;3
መንግሥታት;1
ይዘቶች;2
ፖስቶች;3
ጎግል;0
ያሁ;0
ዝርዝር;0
ከኾነ;0
ይመልከቱ;2
ጉዳይ;0
ዓም;0
እንዲሰለል;2
ጥሪ;0
መልዕክቾች;3
ምልልሶች;3
አገልግሎቶች;3
አውታሮችን;1
ለምሳሌ;0
ጫልቱ;0
ለምሳሌ;0
መለያ;0
VoIP;0
SMS;0
WiFiን;1
ሰዎች;3
ሰዎች;3
አስተዳዳሪዎች;3
መዝባሪዎች;3
መንግሥታት;1
ይዘቶች;2
ፖስቶች;3
ጎግል;0
ያሁ;0
ዝርዝር;0
ከኾነ;0
ይመልከቱ;2
ጉዳይ;0
ዓም;0
እንዲሰለል;2
ጥሪ;0
መልዕክቾች;3
ምልልሶች;3
አገልግሎቶች;3
አውታሮችን;1
ለምሳሌ;0
ጫልቱ;0
ለምሳሌ;0
መለያ;0
VoIP;0
SMS;0
WiFiን;1
ሰዎች;3
ሰዎች;3
አስተዳዳሪዎች;3
መዝባሪዎች;3
መንግሥታት;1
ይዘቶች;2
ፖስቶች;3
ጎግል;0
ያሁ;0
ዝርዝር;0
ከኾነ;0
ይመልከቱ;2
ጉዳይ;0
ዓም;0
እንዲሰለል;2
ጥሪ;0
መልዕክቾች;3
ምልልሶች;3
አገልግሎቶች;3
አውታሮችን;1
ለምሳሌ;0
ጫልቱ;0
ለምሳሌ;0
መለያ;0
VoIP;0
SMS;0
WiFiን;1
ሰዎች;3
ሰዎች;3
አስተዳዳሪዎች;3
መዝባሪዎች;3
መንግሥታት;1
ይዘቶች;2
ፖስቶች;3
ጎግል;0
ያሁ;0
ዝርዝር;0
ከኾነ;0
ይመልከቱ;2
ጉዳይ;0
ዓም;0
እንዲሰለል;2
ጥሪ;0
መልዕክቾች;3
ምልልሶች;3
አገልግሎቶች;3
አውታሮችን;1
ለምሳሌ;0
ጫልቱ;0
ለምሳሌ;0
መለያ;0
VoIP;0
SMS;0
WiFiን;1
ሰዎች;3
ሰዎች;3
አስተዳዳሪዎች;3
መዝባሪዎች;3
መንግሥታት;1
ይዘቶች;2
ፖስቶች;3
ጎግል;0
ያሁ;0
ዝርዝር;0
ከኾነ;0
ይመልከቱ;2
ጉዳይ;0
ዓም;0
እንዲሰለል;2
ጥሪ;0
መልዕክቾች;3
ምልልሶች;3
አገልግሎቶች;3
አውታሮችን;1
ለምሳሌ;0
ጫልቱ;0
ለምሳሌ;0
መለያ;0
VoIP;0
SMS;0
WiFiን;1
ሰዎች;3
ሰዎች;3
አስተዳዳሪዎች;3
መዝባሪዎች;3
መንግሥታት;1
ይዘቶች;2
ፖስቶች;3
ጎግል;0
ያሁ;0
ዝርዝር;0
ከኾነ;0
ይመልከቱ;2
ጉዳይ;0
ዓም;0
እንዲሰለል;2
ጥሪ;0
መልዕክቾች;3
ምልልሶች;3
አገልግሎቶች;3
አውታሮችን;1
ለምሳሌ;0
ጫልቱ;0
ለምሳሌ;0
መለያ;0
VoIP;0
SMS;0
WiFiን;1
ሰዎች;3
ሰዎች;3
አስተዳዳሪዎች;3
መዝባሪዎች;3
መንግሥታት;1
ይዘቶች;2
ፖስቶች;3
ጎግል;0
ያሁ;0
ዝርዝር;0
ከኾነ;0
ይመልከቱ;2
ጉዳይ;0
ዓም;0
እንዲሰለል;2
ጥሪ;0
መልዕክቾች;3
ምልልሶች;3
አገልግሎቶች;3
አውታሮችን;1
ለምሳሌ;0
ጫልቱ;0
ለምሳሌ;0
መለያ;0
VoIP;0
SMS;0
WiFiን;1
ሰዎች;3
ሰዎች;3
አስተዳዳሪዎች;3
መዝባሪዎች;3
መንግሥታት;1
ይዘቶች;2
ፖስቶች;3
ጎግል;0
ያሁ;0
ዝርዝር;0
ከኾነ;0
ይመልከቱ;2
ጉዳይ;0
ዓም;0
እንዲሰለል;2
ጥሪ;0
መልዕክቾች;3
ምልልሶች;3
አገልግሎቶች;3
አውታሮችን;1
ለምሳሌ;0
ጫልቱ;0
ለምሳሌ;0
መለያ;0
VoIP;0
SMS;0
WiFiን;1
ሰዎች;3
ሰዎች;3
አስተዳዳሪዎች;3
መዝባሪዎች;3
መንግሥታት;1
ይዘቶች;2
ፖስቶች;3
ጎግል;0
ያሁ;0
ዝርዝር;0
ከኾነ;0
ይመልከቱ;2
ጉዳይ;0
ዓም;0
እንዲሰለል;2
ጥሪ;0
መልዕክቾች;3
ምልልሶች;3
አገልግሎቶች;3
አውታሮችን;1
ለምሳሌ;0
ጫልቱ;0
ለምሳሌ;0
መለያ;0
VoIP;0
SMS;0
WiFiን;1
ሰዎች;3
ሰዎች;3
አስተዳዳሪዎች;3
መዝባሪዎች;3
መንግሥታት;1
ይዘቶች;2
ፖስቶች;3
ጎግል;0
ያሁ;0
ዝርዝር;0
ከኾነ;0
ይመልከቱ;2
ጉዳይ;0
ዓም;0
እንዲሰለል;2
ጥሪ;0
መልዕክቾች;3
ምልልሶች;3
አገልግሎቶች;3
አውታሮችን;1
ለምሳሌ;0
ጫልቱ;0
ለምሳሌ;0
መለያ;0
VoIP;0
SMS;0
WiFiን;1
ሰዎች;3
ሰዎች;3
አስተዳዳሪዎች;3
መዝባሪዎች;3
መንግሥታት;1
ይዘቶች;2
ፖስቶች;3
ጎግል;0
ያሁ;0
ዝርዝር;0
ከኾነ;0
ይመልከቱ;2
ጉዳይ;0
ዓም;0
እንዲሰለል;2
ጥሪ;0
መልዕክቾች;3
ምልልሶች;3
አገልግሎቶች;3
አውታሮችን;1
ለምሳሌ;0
ጫልቱ;0
ለምሳሌ;0
መለያ;0
VoIP;0
SMS;0
WiFiን;1
ሰዎች;3
ሰዎች;3
አስተዳዳሪዎች;3
መዝባሪዎች;3
መንግሥታት;1
ይዘቶች;2
ፖስቶች;3
ጎግል;0
ያሁ;0
ዝርዝር;0
ከኾነ;0
ይመልከቱ;2
ጉዳይ;0
ዓም;0
እንዲሰለል;2
ጥሪ;0
መልዕክቾች;3
ምልልሶች;3
አገልግሎቶች;3
አውታሮችን;1
ለምሳሌ;0
ጫልቱ;0
ለምሳሌ;0
መለያ;0
VoIP;0
SMS;0
WiFiን;1
ሰዎች;3
ሰዎች;3
አስተዳዳሪዎች;3
መዝባሪዎች;3
መንግሥታት;1
ይዘቶች;2
ፖስቶች;3
ጎግል;0
ያሁ;0
ዝርዝር;0
ከኾነ;0
ይመልከቱ;2
ጉዳይ;0
ዓም;0
እንዲሰለል;2
ጥሪ;0
መልዕክቾች;3
ምልልሶች;3
አገልግሎቶች;3
አውታሮችን;1
ለምሳሌ;0
ጫልቱ;0
ለምሳሌ;0
መለያ;0
VoIP;0
SMS;0
WiFiን;1
ሰዎች;3
ሰዎች;3
አስተዳዳሪዎች;3
መዝባሪዎች;3
መንግሥታት;1
ይዘቶች;2
ፖስቶች;3
ጎግል;0
ያሁ;0
ዝርዝር;0
ከኾነ;0
ይመልከቱ;2
ጉዳይ;0
ዓም;0
እንዲሰለል;2
ጥሪ;0
መልዕክቾች;3
ምልልሶች;3
አገልግሎቶች;3
አውታሮችን;1
ለምሳሌ;0
ጫልቱ;0
ለምሳሌ;0
መለያ;0
VoIP;0
SMS;0
WiFiን;1
ሰዎች;3
ሰዎች;3
አስተዳዳሪዎች;3
መዝባሪዎች;3
መንግሥታት;1
ይዘቶች;2
ፖስቶች;3
ጎግል;0
ያሁ;0
ዝርዝር;0
ከኾነ;0
ይመልከቱ;2
ጉዳይ;0
ዓም;0
እንዲሰለል;2
ጥሪ;0
መልዕክቾች;3
ምልልሶች;3
አገልግሎቶች;3
አውታሮችን;1
ለምሳሌ;0
ጫልቱ;0
ለምሳሌ;0
መለያ;0
VoIP;0
SMS;0
WiFiን;1
ሰዎች;3
ሰዎች;3
አስተዳዳሪዎች;3
መዝባሪዎች;3
መንግሥታት;1
ይዘቶች;2
ፖስቶች;3
ጎግል;0
ያሁ;0
ዝርዝር;0
ከኾነ;0
ይመልከቱ;2
ጉዳይ;0
ዓም;0
እንዲሰለል;2
ጥሪ;0
መልዕክቾች;3
ምልልሶች;3
አገልግሎቶች;3
አውታሮችን;1
ለምሳሌ;0
ጫልቱ;0
ለምሳሌ;0
መለያ;0
VoIP;0
SMS;0
WiFiን;1
ሰዎች;3
ሰዎች;3
አስተዳዳሪዎች;3
መዝባሪዎች;3
መንግሥታት;1
ይዘቶች;2
ፖስቶች;3
ጎግል;0
ያሁ;0
ዝርዝር;0
ከኾነ;0
ይመልከቱ;2
ጉዳይ;0
ዓም;0
እንዲሰለል;2
ጥሪ;0
መልዕክቾች;3
ምልልሶች;3
አገልግሎቶች;3
አውታሮችን;1
ለምሳሌ;0
ጫልቱ;0
ለምሳሌ;0
መለያ;0
VoIP;0
SMS;0
WiFiን;1
ሰዎች;3
ሰዎች;3
አስተዳዳሪዎች;3
መዝባሪዎች;3
መንግሥታት;1
ይዘቶች;2
ፖስቶች;3
ጎግል;0
ያሁ;0
ዝርዝር;0
ከኾነ;0
ይመልከቱ;2
ጉዳይ;0
ዓም;0
እንዲሰለል;2
ጥሪ;0
መልዕክቾች;3
ምልልሶች;3
አገልግሎቶች;3
አውታሮችን;1
ለምሳሌ;0
ጫልቱ;0
ለምሳሌ;0
መለያ;0
VoIP;0
SMS;0
WiFiን;1
ሰዎች;3
ሰዎች;3
አስተዳዳሪዎች;3
መዝባሪዎች;3
መንግሥታት;1
ይዘቶች;2
ፖስቶች;3
ጎግል;0
ያሁ;0
ዝርዝር;0
ከኾነ;0
ይመልከቱ;2
ጉዳይ;0
ዓም;0
እንዲሰለል;2
ጥሪ;0
መልዕክቾች;3
ምልልሶች;3
አገልግሎቶች;3
አውታሮችን;1
ለምሳሌ;0
ጫልቱ;0
ለምሳሌ;0
መለያ;0
VoIP;0
SMS;0
WiFiን;1
ሰዎች;3
ሰዎች;3
አስተዳዳሪዎች;3
መዝባሪዎች;3
መንግሥታት;1
ይዘቶች;2
ፖስቶች;3
ጎግል;0
ያሁ;0
ዝርዝር;0
ከኾነ;0
ይመልከቱ;2
ጉዳይ;0
ዓም;0
እንዲሰለል;2
ጥሪ;0
መልዕክቾች;3
ምልልሶች;3
አገልግሎቶች;3
አውታሮችን;1
ለምሳሌ;0
ጫልቱ;0
ለምሳሌ;0
መለያ;0
VoIP;0
SMS;0
WiFiን;1
ሰዎች;3
ሰዎች;3
አስተዳዳሪዎች;3
መዝባሪዎች;3
መንግሥታት;1
ይዘቶች;2
ፖስቶች;3
ጎግል;0
ያሁ;0
ዝርዝር;0
ከኾነ;0
ይመልከቱ;2
ጉዳይ;0
ዓም;0
እንዲሰለል;2
ጥሪ;0
መልዕክቾች;3
ምልልሶች;3
አገልግሎቶች;3
አውታሮችን;1
ለምሳሌ;0
ጫልቱ;0
ለምሳሌ;0
መለያ;0
VoIP;0
SMS;0
WiFiን;1
ሰዎች;3
ሰዎች;3
አስተዳዳሪዎች;3
መዝባሪዎች;3
መንግሥታት;1
ይዘቶች;2
ፖስቶች;3
ጎግል;0
ያሁ;0
ዝርዝር;0
ከኾነ;0
ይመልከቱ;2
ጉዳይ;0
ዓም;0
እንዲሰለል;2
ጥሪ;0
መልዕክቾች;3
ምልልሶች;3
አገልግሎቶች;3
አውታሮችን;1
ለምሳሌ;0
ጫልቱ;0
ለምሳሌ;0
መለያ;0
VoIP;0
SMS;0
WiFiን;1
ሰዎች;3
ሰዎች;3
አስተዳዳሪዎች;3
መዝባሪዎች;3
መንግሥታት;1
ይዘቶች;2
ፖስቶች;3
ጎግል;0
ያሁ;0
ዝርዝር;0
ከኾነ;0
ይመልከቱ;2
ጉዳይ;0
ዓም;0
እንዲሰለል;2
ጥሪ;0
መልዕክቾች;3
ምልልሶች;3
አገልግሎቶች;3
አውታሮችን;1
ለምሳሌ;0
ጫልቱ;0
ለምሳሌ;0
መለያ;0
VoIP;0
SMS;0
WiFiን;1
ሰዎች;3
ሰዎች;3
አስተዳዳሪዎች;3
መዝባሪዎች;3
መንግሥታት;1
ይዘቶች;2
ፖስቶች;3
ጎግል;0
ያሁ;0
ዝርዝር;0
ከኾነ;0
ይመልከቱ;2
ጉዳይ;0
ዓም;0
እንዲሰለል;2
ጥሪ;0
መልዕክቾች;3
ምልልሶች;3
አገልግሎቶች;3
አውታሮችን;1
ለምሳሌ;0
ጫልቱ;0
ለምሳሌ;0
መለያ;0
VoIP;0
SMS;0
WiFiን;1
ሰዎች;3
ሰዎች;3
አስተዳዳሪዎች;3
መዝባሪዎች;3
መንግሥታት;1
ይዘቶች;2
ፖስቶች;3
ጎግል;0
ያሁ;0
ዝርዝር;0
ከኾነ;0
ይመልከቱ;2
ጉዳይ;0
ዓም;0
እንዲሰለል;2
ጥሪ;0
መልዕክቾች;3
ምልልሶች;3
አገልግሎቶች;3
አውታሮችን;1
ለምሳሌ;0
ጫልቱ;0
ለምሳሌ;0
መለያ;0
VoIP;0
SMS;0
WiFiን;1
ሰዎች;3
ሰዎች;3
አስተዳዳሪዎች;3
መዝባሪዎች;3
መንግሥታት;1
ይዘቶች;2
ፖስቶች;3
ጎግል;0
ያሁ;0
ዝርዝር;0
ከኾነ;0
ይመልከቱ;2
ጉዳይ;0
ዓም;0
እንዲሰለል;2
ጥሪ;0
መልዕክቾች;3
ምልልሶች;3
አገልግሎቶች;3
አውታሮችን;1
ለምሳሌ;0
ጫልቱ;0
ለምሳሌ;0
መለያ;0
VoIP;0
SMS;0
WiFiን;1
ሰዎች;3
ሰዎች;3
አስተዳዳሪዎች;3
መዝባሪዎች;3
መንግሥታት;1
ይዘቶች;2
ፖስቶች;3
ጎግል;0
ያሁ;0
ዝርዝር;0
ከኾነ;0
ይመልከቱ;2
ጉዳይ;0
ዓም;0
እንዲሰለል;2
ጥሪ;0
መልዕክቾች;3
ምልልሶች;3
አገልግሎቶች;3
አውታሮችን;1
ለምሳሌ;0
ጫልቱ;0
ለምሳሌ;0
መለያ;0
VoIP;0
SMS;0
WiFiን;1
ሰዎች;3
ሰዎች;3
አስተዳዳሪዎች;3
መዝባሪዎች;3
መንግሥታት;1
ይዘቶች;2
ፖስቶች;3
ጎግል;0
ያሁ;0
ዝርዝር;0
ከኾነ;0
ይመልከቱ;2
ጉዳይ;0
ዓም;0
እንዲሰለል;2
ጥሪ;0
መልዕክቾች;3
ምልልሶች;3
አገልግሎቶች;3
አውታሮችን;1
ለምሳሌ;0
ጫልቱ;0
ለምሳሌ;0
መለያ;0
VoIP;0
SMS;0
WiFiን;1
ሰዎች;3
ሰዎች;3
አስተዳዳሪዎች;3
መዝባሪዎች;3
መንግሥታት;1
ይዘቶች;2
ፖስቶች;3
ጎግል;0
ያሁ;0
ዝርዝር;0
ከኾነ;0
ይመልከቱ;2
ጉዳይ;0
ዓም;0
እንዲሰለል;2
ጥሪ;0
መልዕክቾች;3
ምልልሶች;3
አገልግሎቶች;3
አውታሮችን;1
ለምሳሌ;0
ጫልቱ;0
ለምሳሌ;0
መለያ;0
VoIP;0
SMS;0
WiFiን;1
ሰዎች;3
ሰዎች;3
አስተዳዳሪዎች;3
መዝባሪዎች;3
መንግሥታት;1
ይዘቶች;2
ፖስቶች;3
ጎግል;0
ያሁ;0
ዝርዝር;0
ከኾነ;0
ይመልከቱ;2
ጉዳይ;0
ዓም;0
እንዲሰለል;2
ጥሪ;0
መልዕክቾች;3
ምልልሶች;3
አገልግሎቶች;3
አውታሮችን;1
ለምሳሌ;0
ጫልቱ;0
ለምሳሌ;0
መለያ;0
VoIP;0
SMS;0
WiFiን;1
ሰዎች;3
ሰዎች;3
አስተዳዳሪዎች;3
መዝባሪዎች;3
መንግሥታት;1
ይዘቶች;2
ፖስቶች;3
ጎግል;0
ያሁ;0
ዝርዝር;0
ከኾነ;0
ይመልከቱ;2
ጉዳይ;0
ዓም;0
እንዲሰለል;2
ጥሪ;0
መልዕክቾች;3
ምልልሶች;3
አገልግሎቶች;3
አውታሮችን;1
ለምሳሌ;0
ጫልቱ;0
ለምሳሌ;0
መለያ;0
VoIP;0
SMS;0
WiFiን;1
ሰዎች;3
ሰዎች;3
አስተዳዳሪዎች;3
መዝባሪዎች;3
መንግሥታት;1
ይዘቶች;2
ፖስቶች;3
ጎግል;0
ያሁ;0
ዝርዝር;0
ከኾነ;0
ይመልከቱ;2
ጉዳይ;0
ዓም;0
እንዲሰለል;2
ጥሪ;0
መልዕክቾች;3
ምልልሶች;3
አገልግሎቶች;3
አውታሮችን;1
ለምሳሌ;0
ጫልቱ;0
ለምሳሌ;0
መለያ;0
VoIP;0
SMS;0
WiFiን;1
ሰዎች;3
ሰዎች;3
አስተዳዳሪዎች;3
መዝባሪዎች;3
መንግሥታት;1
ይዘቶች;2
ፖስቶች;3
ጎግል;0
ያሁ;0
ዝርዝር;0
ከኾነ;0
ይመልከቱ;2
ጉዳይ;0
ዓም;0
እንዲሰለል;2
ጥሪ;0
መልዕክቾች;3
ምልልሶች;3
አገልግሎቶች;3
አውታሮችን;1
ለምሳሌ;0
ጫልቱ;0
ለምሳሌ;0
መለያ;0
VoIP;0
SMS;0
WiFiን;1
ሰዎች;3
ሰዎች;3
አስተዳዳሪዎች;3
መዝባሪዎች;3
መንግሥታት;1
ይዘቶች;2
ፖስቶች;3
ጎግል;0
ያሁ;0
ዝርዝር;0
ከኾነ;0
ይመልከቱ;2
ጉዳይ;0
ዓም;0
እንዲሰለል;2
ጥሪ;0
መልዕክቾች;3
ምልልሶች;3
አገልግሎቶች;3
አውታሮችን;1
ለምሳሌ;0
ጫልቱ;0
ለምሳሌ;0
መለያ;0
VoIP;0
SMS;0
WiFiን;1
ሰዎች;3
ሰዎች;3
አስተዳዳሪዎች;3
መዝባሪዎች;3
መንግሥታት;1
ይዘቶች;2
ፖስቶች;3
ጎግል;0
ያሁ;0
ዝርዝር;0
ከኾነ;0
ይመልከቱ;2
ጉዳይ;0
ዓም;0
እንዲሰለል;2
ጥሪ;0
መልዕክቾች;3
ምልልሶች;3
አገልግሎቶች;3
አውታሮችን;1
ለምሳሌ;0
ጫልቱ;0
ለምሳሌ;0
መለያ;0
VoIP;0
SMS;0
WiFiን;1
ሰዎች;3
ሰዎች;3
አስተዳዳሪዎች;3
መዝባሪዎች;3
መንግሥታት;1
ይዘቶች;2
ፖስቶች;3
ጎግል;0
ያሁ;0
ዝርዝር;0
ከኾነ;0
ይመልከቱ;2
ጉዳይ;0
ዓም;0
እንዲሰለል;2
ጥሪ;0
መልዕክቾች;3
ምልልሶች;3
አገልግሎቶች;3
አውታሮችን;1
ለምሳሌ;0
ጫልቱ;0
ለምሳሌ;0
መለያ;0
VoIP;0
SMS;0
WiFiን;1
ሰዎች;3
ሰዎች;3
አስተዳዳሪዎች;3
መዝባሪዎች;3
መንግሥታት;1
ይዘቶች;2
ፖስቶች;3
ጎግል;0
ያሁ;0
ዝርዝር;0
ከኾነ;0
ይመልከቱ;2
ጉዳይ;0
ዓም;0
እንዲሰለል;2
ጥሪ;0
መልዕክቾች;3
ምልልሶች;3
አገልግሎቶች;3
አውታሮችን;1
ለምሳሌ;0
ጫልቱ;0
ለምሳሌ;0
መለያ;0
VoIP;0
SMS;0
WiFiን;1
ሰዎች;3
ሰዎች;3
አስተዳዳሪዎች;3
መዝባሪዎች;3
መንግሥታት;1
ይዘቶች;2
ፖስቶች;3
ጎግል;0
ያሁ;0
ዝርዝር;0
ከኾነ;0
ይመልከቱ;2
ጉዳይ;0
ዓም;0
እንዲሰለል;2
ጥሪ;0
መልዕክቾች;3
ምልልሶች;3
አገልግሎቶች;3
አውታሮችን;1
ለምሳሌ;0
ጫልቱ;0
ለምሳሌ;0
መለያ;0
VoIP;0
SMS;0
WiFiን;1
ሰዎች;3
ሰዎች;3
አስተዳዳሪዎች;3
መዝባሪዎች;3
መንግሥታት;1
ይዘቶች;2
ፖስቶች;3
ጎግል;0
ያሁ;0
ዝርዝር;0
ከኾነ;0
ይመልከቱ;2
ጉዳይ;0
ዓም;0
እንዲሰለል;2
ጥሪ;0
መልዕክቾች;3
ምልልሶች;3
አገልግሎቶች;3
አውታሮችን;1
ለምሳሌ;0
ጫልቱ;0
ለምሳሌ;0
መለያ;0
VoIP;0
SMS;0
WiFiን;1
ሰዎች;3
ሰዎች;3
አስተዳዳሪዎች;3
መዝባሪዎች;3
መንግሥታት;1
ይዘቶች;2
ፖስቶች;3
ጎግል;0
ያሁ;0
ዝርዝር;0
ከኾነ;0
ይመልከቱ;2
ጉዳይ;0
ዓም;0
እንዲሰለል;2
ጥሪ;0
መልዕክቾች;3
ምልልሶች;3
አገልግሎቶች;3
አውታሮችን;1
ለምሳሌ;0
ጫልቱ;0
ለምሳሌ;0
መለያ;0
VoIP;0
SMS;0
WiFiን;1
ሰዎች;3
ሰዎች;3
አስተዳዳሪዎች;3
መዝባሪዎች;3
መንግሥታት;1
ይዘቶች;2
ፖስቶች;3
ጎግል;0
ያሁ;0
ዝርዝር;0
ከኾነ;0
ይመልከቱ;2
ጉዳይ;0
ዓም;0
እንዲሰለል;2
ጥሪ;0
መልዕክቾች;3
ምልልሶች;3
አገልግሎቶች;3
አውታሮችን;1
ለምሳሌ;0
ጫልቱ;0
ለምሳሌ;0
መለያ;0
VoIP;0
SMS;0
WiFiን;1
ሰዎች;3
ሰዎች;3
አስተዳዳሪዎች;3
መዝባሪዎች;3
መንግሥታት;1
ይዘቶች;2
ፖስቶች;3
ጎግል;0
ያሁ;0
ዝርዝር;0
ከኾነ;0
ይመልከቱ;2
ጉዳይ;0
ዓም;0
እንዲሰለል;2
ጥሪ;0
መልዕክቾች;3
ምልልሶች;3
አገልግሎቶች;3
አውታሮችን;1
ለምሳሌ;0
ጫልቱ;0
ለምሳሌ;0
መለያ;0
VoIP;0
SMS;0
WiFiን;1
ሰዎች;3
ሰዎች;3
አስተዳዳሪዎች;3
መዝባሪዎች;3
መንግሥታት;1
ይዘቶች;2
ፖስቶች;3
ጎግል;0
ያሁ;0
ዝርዝር;0
ከኾነ;0
ይመልከቱ;2
ጉዳይ;0
ዓም;0
እንዲሰለል;2
ጥሪ;0
መልዕክቾች;3
ምልልሶች;3
አገልግሎቶች;3
አውታሮችን;1
ለምሳሌ;0
ጫልቱ;0
ለምሳሌ;0
መለያ;0
VoIP;0
SMS;0
WiFiን;1
ሰዎች;3
ሰዎች;3
አስተዳዳሪዎች;3
መዝባሪዎች;3
መንግሥታት;1
ይዘቶች;2
ፖስቶች;3
ጎግል;0
ያሁ;0
ዝርዝር;0
ከኾነ;0
ይመልከቱ;2
ጉዳይ;0
ዓም;0
እንዲሰለል;2
ጥሪ;0
መልዕክቾች;3
ምልልሶች;3
አገልግሎቶች;3
አውታሮችን;1
ለምሳሌ;0
ጫልቱ;0
ለምሳሌ;0
መለያ;0
VoIP;0
SMS;0
WiFiን;1
ሰዎች;3
ሰዎች;3
አስተዳዳሪዎች;3
መዝባሪዎች;3
መንግሥታት;1
ይዘቶች;2
ፖስቶች;3
ጎግል;0
ያሁ;0
ዝርዝር;0
ከኾነ;0
ይመልከቱ;2
ጉዳይ;0
ዓም;0
እንዲሰለል;2
ጥሪ;0
መልዕክቾች;3
ምልልሶች;3
አገልግሎቶች;3
አውታሮችን;1
ለምሳሌ;0
ጫልቱ;0
ለምሳሌ;0
መለያ;0
VoIP;0
SMS;0
WiFiን;1
ሰዎች;3
ሰዎች;3
አስተዳዳሪዎች;3
መዝባሪዎች;3
መንግሥታት;1
ይዘቶች;2
ፖስቶች;3
ጎግል;0
ያሁ;0
ዝርዝር;0
ከኾነ;0
ይመልከቱ;2
ጉዳይ;0
ዓም;0
እንዲሰለል;2
ጥሪ;0
መልዕክቾች;3
ምልልሶች;3
አገልግሎቶች;3
አውታሮችን;1
ለምሳሌ;0
ጫልቱ;0
ለምሳሌ;0
መለያ;0
VoIP;0
SMS;0
WiFiን;1
ሰዎች;3
ሰዎች;3
አስተዳዳሪዎች;3
መዝባሪዎች;3
መንግሥታት;1
ይዘቶች;2
ፖስቶች;3
ጎግል;0
ያሁ;0
ዝርዝር;0
ከኾነ;0
ይመልከቱ;2
ጉዳይ;0
ዓም;0
እንዲሰለል;2
ጥሪ;0
መልዕክቾች;3
ምልልሶች;3
አገልግሎቶች;3
አውታሮችን;1
ለምሳሌ;0
ጫልቱ;0
ለምሳሌ;0
መለያ;0
VoIP;0
SMS;0
WiFiን;1
ሰዎች;3
ሰዎች;3
አስተዳዳሪዎች;3
መዝባሪዎች;3
መንግሥታት;1
ይዘቶች;2
ፖስቶች;3
ጎግል;0
ያሁ;0
ዝርዝር;0
ከኾነ;0
ይመልከቱ;2
ጉዳይ;0
ዓም;0
እንዲሰለል;2
ጥሪ;0
መልዕክቾች;3
ምልልሶች;3
አገልግሎቶች;3
አውታሮችን;1
ለምሳሌ;0
ጫልቱ;0
ለምሳሌ;0
መለያ;0
VoIP;0
SMS;0
WiFiን;1
ሰዎች;3
ሰዎች;3
አስተዳዳሪዎች;3
መዝባሪዎች;3
መንግሥታት;1
ይዘቶች;2
ፖስቶች;3
ጎግል;0
ያሁ;0
ዝርዝር;0
ከኾነ;0
ይመልከቱ;2
ጉዳይ;0
ዓም;0
እንዲሰለል;2
ጥሪ;0
መልዕክቾች;3
ምልልሶች;3
አገልግሎቶች;3
አውታሮችን;1
ለምሳሌ;0
ጫልቱ;0
ለምሳሌ;0
መለያ;0
VoIP;0
SMS;0
WiFiን;1
ሰዎች;3
ሰዎች;3
አስተዳዳሪዎች;3
መዝባሪዎች;3
መንግሥታት;1
ይዘቶች;2
ፖስቶች;3
ጎግል;0
ያሁ;0
ዝርዝር;0
ከኾነ;0
ይመልከቱ;2
ጉዳይ;0
ዓም;0
እንዲሰለል;2
ጥሪ;0
መልዕክቾች;3
ምልልሶች;3
አገልግሎቶች;3
አውታሮችን;1
ለምሳሌ;0
ጫልቱ;0
ለምሳሌ;0
መለያ;0
VoIP;0
SMS;0
WiFiን;1
ሰዎች;3
ሰዎች;3
አስተዳዳሪዎች;3
መዝባሪዎች;3
መንግሥታት;1
ይዘቶች;2
ፖስቶች;3
ጎግል;0
ያሁ;0
ዝርዝር;0
ከኾነ;0
ይመልከቱ;2
ጉዳይ;0
ዓም;0
እንዲሰለል;2
ጥሪ;0
መልዕክቾች;3
ምልልሶች;3
አገልግሎቶች;3
አውታሮችን;1
ለምሳሌ;0
ጫልቱ;0
ለምሳሌ;0
መለያ;0
VoIP;0
SMS;0
WiFiን;1
ሰዎች;3
ሰዎች;3
አስተዳዳሪዎች;3
መዝባሪዎች;3
መንግሥታት;1
ይዘቶች;2
ፖስቶች;3
ጎግል;0
ያሁ;0
ዝርዝር;0
ከኾነ;0
ይመልከቱ;2
ጉዳይ;0
ዓም;0
እንዲሰለል;2
ጥሪ;0
መልዕክቾች;3
ምልልሶች;3
አገልግሎቶች;3
አውታሮችን;1
ለምሳሌ;0
ጫልቱ;0
ለምሳሌ;0
መለያ;0
VoIP;0
SMS;0
WiFiን;1
ሰዎች;3
ሰዎች;3
አስተዳዳሪዎች;3
መዝባሪዎች;3
መንግሥታት;1
ይዘቶች;2
ፖስቶች;3
ጎግል;0
ያሁ;0
ዝርዝር;0
ከኾነ;0
ይመልከቱ;2
ጉዳይ;0
ዓም;0
እንዲሰለል;2
ጥሪ;0
መልዕክቾች;3
ምልልሶች;3
አገልግሎቶች;3
አውታሮችን;1
ለምሳሌ;0
ጫልቱ;0
ለምሳሌ;0
መለያ;0
VoIP;0
SMS;0
WiFiን;1
ሰዎች;3
ሰዎች;3
አስተዳዳሪዎች;3
መዝባሪዎች;3
መንግሥታት;1
ይዘቶች;2
ፖስቶች;3
ጎግል;0
ያሁ;0
ዝርዝር;0
ከኾነ;0
ይመልከቱ;2
ጉዳይ;0
ዓም;0
እንዲሰለል;2
ጥሪ;0
መልዕክቾች;3
ምልልሶች;3
አገልግሎቶች;3
አውታሮችን;1
ለምሳሌ;0
ጫልቱ;0
ለምሳሌ;0
መለያ;0
VoIP;0
SMS;0
WiFiን;1
ሰዎች;3
ሰዎች;3
አስተዳዳሪዎች;3
መዝባሪዎች;3
መንግሥታት;1
ይዘቶች;2
ፖስቶች;3
ጎግል;0
ያሁ;0
ዝርዝር;0
ከኾነ;0
ይመልከቱ;2
ጉዳይ;0
ዓም;0
እንዲሰለል;2
ጥሪ;0
መልዕክቾች;3
ምልልሶች;3
አገልግሎቶች;3
አውታሮችን;1
ለምሳሌ;0
ጫልቱ;0
ለምሳሌ;0
መለያ;0
VoIP;0
SMS;0
WiFiን;1
ሰዎች;3
ሰዎች;3
አስተዳዳሪዎች;3
መዝባሪዎች;3
መንግሥታት;1
ይዘቶች;2
ፖስቶች;3
ጎግል;0
ያሁ;0
ዝርዝር;0
ከኾነ;0
ይመልከቱ;2
ጉዳይ;0
ዓም;0
እንዲሰለል;2
ጥሪ;0
መልዕክቾች;3
ምልልሶች;3
አገልግሎቶች;3
አውታሮችን;1
ለምሳሌ;0
ጫልቱ;0
ለምሳሌ;0
መለያ;0
VoIP;0
SMS;0
WiFiን;1
ሰዎች;3
ሰዎች;3
አስተዳዳሪዎች;3
መዝባሪዎች;3
መንግሥታት;1
ይዘቶች;2
ፖስቶች;3
ጎግል;0
ያሁ;0
ዝርዝር;0
ከኾነ;0
ይመልከቱ;2
ጉዳይ;0
ዓም;0
እንዲሰለል;2
ጥሪ;0
መልዕክቾች;3
ምልልሶች;3
አገልግሎቶች;3
አውታሮችን;1
ለምሳሌ;0
ጫልቱ;0
ለምሳሌ;0
መለያ;0
VoIP;0
SMS;0
WiFiን;1
ሰዎች;3
ሰዎች;3
አስተዳዳሪዎች;3
መዝባሪዎች;3
መንግሥታት;1
ይዘቶች;2
ፖስቶች;3
ጎግል;0
ያሁ;0
ዝርዝር;0
ከኾነ;0
ይመልከቱ;2
ጉዳይ;0
ዓም;0
እንዲሰለል;2
ጥሪ;0
መልዕክቾች;3
ምልልሶች;3
አገልግሎቶች;3
አውታሮችን;1
ለምሳሌ;0
ጫልቱ;0
ለምሳሌ;0
መለያ;0
VoIP;0
SMS;0
WiFiን;1
ሰዎች;3
ሰዎች;3
አስተዳዳሪዎች;3
መዝባሪዎች;3
መንግሥታት;1
ይዘቶች;2
ፖስቶች;3
ጎግል;0
ያሁ;0
ዝርዝር;0
ከኾነ;0
ይመልከቱ;2
ጉዳይ;0
ዓም;0
እንዲሰለል;2
ጥሪ;0
መልዕክቾች;3
ምልልሶች;3
አገልግሎቶች;3
አውታሮችን;1
ለምሳሌ;0
ጫልቱ;0
ለምሳሌ;0
መለያ;0
VoIP;0
SMS;0
WiFiን;1
ሰዎች;3
ሰዎች;3
አስተዳዳሪዎች;3
መዝባሪዎች;3
መንግሥታት;1
ይዘቶች;2
ፖስቶች;3
ጎግል;0
ያሁ;0
ዝርዝር;0
ከኾነ;0
ይመልከቱ;2
ጉዳይ;0
ዓም;0
እንዲሰለል;2
ጥሪ;0
መልዕክቾች;3
ምልልሶች;3
አገልግሎቶች;3
አውታሮችን;1
ለምሳሌ;0
ጫልቱ;0
ለምሳሌ;0
መለያ;0
VoIP;0
SMS;0
WiFiን;1
ሰዎች;3
ሰዎች;3
አስተዳዳሪዎች;3
መዝባሪዎች;3
መንግሥታት;1
ይዘቶች;2
ፖስቶች;3
ጎግል;0
ያሁ;0
ዝርዝር;0
ከኾነ;0
ይመልከቱ;2
ጉዳይ;0
ዓም;0
እንዲሰለል;2
ጥሪ;0
መልዕክቾች;3
ምልልሶች;3
አገልግሎቶች;3
አውታሮችን;1
ለምሳሌ;0
ጫልቱ;0
ለምሳሌ;0
መለያ;0
VoIP;0
SMS;0
WiFiን;1
ሰዎች;3
ሰዎች;3
አስተዳዳሪዎች;3
መዝባሪዎች;3
መንግሥታት;1
ይዘቶች;2
ፖስቶች;3
ጎግል;0
ያሁ;0
ዝርዝር;0
ከኾነ;0
ይመልከቱ;2
ጉዳይ;0
ዓም;0
እንዲሰለል;2
ጥሪ;0
መልዕክቾች;3
ምልልሶች;3
አገልግሎቶች;3
አውታሮችን;1
ለምሳሌ;0
ጫልቱ;0
ለምሳሌ;0
መለያ;0
VoIP;0
SMS;0
WiFiን;1
ሰዎች;3
ሰዎች;3
አስተዳዳሪዎች;3
መዝባሪዎች;3
መንግሥታት;1
ይዘቶች;2
ፖስቶች;3
ጎግል;0
ያሁ;0
ዝርዝር;0
ከኾነ;0
ይመልከቱ;2
ጉዳይ;0
ዓም;0
እንዲሰለል;2
ጥሪ;0
መልዕክቾች;3
ምልልሶች;3
አገልግሎቶች;3
አውታሮችን;1
ለምሳሌ;0
ጫልቱ;0
ለምሳሌ;0
መለያ;0
VoIP;0
SMS;0
WiFiን;1
ሰዎች;3
ሰዎች;3
አስተዳዳሪዎች;3
መዝባሪዎች;3
መንግሥታት;1
ይዘቶች;2
ፖስቶች;3
ጎግል;0
ያሁ;0
ዝርዝር;0
ከኾነ;0
ይመልከቱ;2
ጉዳይ;0
ዓም;0
እንዲሰለል;2
ጥሪ;0
መልዕክቾች;3
ምልልሶች;3
አገልግሎቶች;3
አውታሮችን;1
ለምሳሌ;0
ጫልቱ;0
ለምሳሌ;0
መለያ;0
VoIP;0
SMS;0
WiFiን;1
ሰዎች;3
ሰዎች;3
አስተዳዳሪዎች;3
መዝባሪዎች;3
መንግሥታት;1
ይዘቶች;2
ፖስቶች;3
ጎግል;0
ያሁ;0
ዝርዝር;0
ከኾነ;0
ይመልከቱ;2
ጉዳይ;0
ዓም;0
እንዲሰለል;2
ጥሪ;0
መልዕክቾች;3
ምልልሶች;3
አገልግሎቶች;3
አውታሮችን;1
ለምሳሌ;0
ጫልቱ;0
ለምሳሌ;0
መለያ;0
VoIP;0
SMS;0
WiFiን;1
ሰዎች;3
ሰዎች;3
አስተዳዳሪዎች;3
መዝባሪዎች;3
መንግሥታት;1
ይዘቶች;2
ፖስቶች;3
ጎግል;0
ያሁ;0
ዝርዝር;0
ከኾነ;0
ይመልከቱ;2
ጉዳይ;0
ዓም;0
እንዲሰለል;2
ጥሪ;0
መልዕክቾች;3
ምልልሶች;3
አገልግሎቶች;3
አውታሮችን;1
ለምሳሌ;0
ጫልቱ;0
ለምሳሌ;0
መለያ;0
VoIP;0
SMS;0
WiFiን;1
ሰዎች;3
ሰዎች;3
አስተዳዳሪዎች;3
መዝባሪዎች;3
መንግሥታት;1
ይዘቶች;2
ፖስቶች;3
ጎግል;0
ያሁ;0
ዝርዝር;0
ከኾነ;0
ይመልከቱ;2
ጉዳይ;0
ዓም;0
እንዲሰለል;2
ጥሪ;0
መልዕክቾች;3
ምልልሶች;3
አገልግሎቶች;3
አውታሮችን;1
ለምሳሌ;0
ጫልቱ;0
ለምሳሌ;0
መለያ;0
VoIP;0
SMS;0
WiFiን;1
ሰዎች;3
ሰዎች;3
አስተዳዳሪዎች;3
መዝባሪዎች;3
መንግሥታት;1
ይዘቶች;2
ፖስቶች;3
ጎግል;0
ያሁ;0
ዝርዝር;0
ከኾነ;0
ይመልከቱ;2
ጉዳይ;0
ዓም;0
እንዲሰለል;2
ጥሪ;0
መልዕክቾች;3
ምልልሶች;3
አገልግሎቶች;3
አውታሮችን;1
ለምሳሌ;0
ጫልቱ;0
ለምሳሌ;0
መለያ;0
VoIP;0
SMS;0
WiFiን;1
ሰዎች;3
ሰዎች;3
አስተዳዳሪዎች;3
መዝባሪዎች;3
መንግሥታት;1
ይዘቶች;2
ፖስቶች;3
ጎግል;0
ያሁ;0
ዝርዝር;0
ከኾነ;0
ይመልከቱ;2
ጉዳይ;0
ዓም;0
እንዲሰለል;2
ጥሪ;0
መልዕክቾች;3
ምልልሶች;3
አገልግሎቶች;3
አውታሮችን;1
ለምሳሌ;0
ጫልቱ;0
ለምሳሌ;0
መለያ;0
VoIP;0
SMS;0
WiFiን;1
ሰዎች;3
ሰዎች;3
አስተዳዳሪዎች;3
መዝባሪዎች;3
መንግሥታት;1
ይዘቶች;2
ፖስቶች;3
ጎግል;0
ያሁ;0
ዝርዝር;0
ከኾነ;0
ይመልከቱ;2
ጉዳይ;0
ዓም;0
እንዲሰለል;2
ጥሪ;0
መልዕክቾች;3
ምልልሶች;3
አገልግሎቶች;3
አውታሮችን;1
ለምሳሌ;0
ጫልቱ;0
ለምሳሌ;0
መለያ;0
VoIP;0
SMS;0
WiFiን;1
ሰዎች;3
ሰዎች;3
አስተዳዳሪዎች;3
መዝባሪዎች;3
መንግሥታት;1
ይዘቶች;2
ፖስቶች;3
ጎግል;0
ያሁ;0
ዝርዝር;0
ከኾነ;0
ይመልከቱ;2
ጉዳይ;0
ዓም;0
እንዲሰለል;2
ጥሪ;0
መልዕክቾች;3
ምልልሶች;3
አገልግሎቶች;3
አውታሮችን;1
ለምሳሌ;0
ጫልቱ;0
ለምሳሌ;0
መለያ;0
VoIP;0
SMS;0
WiFiን;1
ሰዎች;3
ሰዎች;3
አስተዳዳሪዎች;3
መዝባሪዎች;3
መንግሥታት;1
ይዘቶች;2
ፖስቶች;3
ጎግል;0
ያሁ;0
ዝርዝር;0
ከኾነ;0
ይመልከቱ;2
ጉዳይ;0
ዓም;0
እንዲሰለል;2
ጥሪ;0
መልዕክቾች;3
ምልልሶች;3
አገልግሎቶች;3
አውታሮችን;1
ለምሳሌ;0
ጫልቱ;0
ለምሳሌ;0
መለያ;0
VoIP;0
SMS;0
WiFiን;1
ሰዎች;3
ሰዎች;3
አስተዳዳሪዎች;3
መዝባሪዎች;3
መንግሥታት;1
ይዘቶች;2
ፖስቶች;3
ጎግል;0
ያሁ;0
ዝርዝር;0
ከኾነ;0
ይመልከቱ;2
ጉዳይ;0
ዓም;0
እንዲሰለል;2
ጥሪ;0
መልዕክቾች;3
ምልልሶች;3
አገልግሎቶች;3
አውታሮችን;1
ለምሳሌ;0
ጫልቱ;0
ለምሳሌ;0
መለያ;0
VoIP;0
SMS;0
WiFiን;1
ሰዎች;3
ሰዎች;3
አስተዳዳሪዎች;3
መዝባሪዎች;3
መንግሥታት;1
ይዘቶች;2
ፖስቶች;3
ጎግል;0
ያሁ;0
ዝርዝር;0
ከኾነ;0
ይመልከቱ;2
ጉዳይ;0
ዓም;0
እንዲሰለል;2
ጥሪ;0
መልዕክቾች;3
ምልልሶች;3
አገልግሎቶች;3
አውታሮችን;1
ለምሳሌ;0
ጫልቱ;0
ለምሳሌ;0
መለያ;0
VoIP;0
SMS;0
WiFiን;1
ሰዎች;3
ሰዎች;3
አስተዳዳሪዎች;3
መዝባሪዎች;3
መንግሥታት;1
ይዘቶች;2
ፖስቶች;3
ጎግል;0
ያሁ;0
ዝርዝር;0
ከኾነ;0
ይመልከቱ;2
ጉዳይ;0
ዓም;0
እንዲሰለል;2
ጥሪ;0
መልዕክቾች;3
ምልልሶች;3
አገልግሎቶች;3
አውታሮችን;1
ለምሳሌ;0
ጫልቱ;0
ለምሳሌ;0
መለያ;0
VoIP;0
SMS;0
WiFiን;1
ሰዎች;3
ሰዎች;3
አስተዳዳሪዎች;3
መዝባሪዎች;3
መንግሥታት;1
ይዘቶች;2
ፖስቶች;3
ጎግል;0
ያሁ;0
ዝርዝር;0
ከኾነ;0
ይመልከቱ;2
ጉዳይ;0
ዓም;0
እንዲሰለል;2
ጥሪ;0
መልዕክቾች;3
ምልልሶች;3
አገልግሎቶች;3
አውታሮችን;1
ለምሳሌ;0
ጫልቱ;0
ለምሳሌ;0
መለያ;0
VoIP;0
SMS;0
WiFiን;1
ሰዎች;3
ሰዎች;3
አስተዳዳሪዎች;3
መዝባሪዎች;3
መንግሥታት;1
ይዘቶች;2
ፖስቶች;3
ጎግል;0
ያሁ;0
ዝርዝር;0
ከኾነ;0
ይመልከቱ;2
ጉዳይ;0
ዓም;0
እንዲሰለል;2
ጥሪ;0
መልዕክቾች;3
ምልልሶች;3
አገልግሎቶች;3
አውታሮችን;1
ለምሳሌ;0
ጫልቱ;0
ለምሳሌ;0
መለያ;0
VoIP;0
SMS;0
WiFiን;1
ሰዎች;3
ሰዎች;3
አስተዳዳሪዎች;3
መዝባሪዎች;3
መንግሥታት;1
ይዘቶች;2
ፖስቶች;3
ጎግል;0
ያሁ;0
ዝርዝር;0
ከኾነ;0
ይመልከቱ;2
ጉዳይ;0
ዓም;0
እንዲሰለል;2
ጥሪ;0
መልዕክቾች;3
ምልልሶች;3
አገልግሎቶች;3
አውታሮችን;1
ለምሳሌ;0
ጫልቱ;0
ለምሳሌ;0
መለያ;0
VoIP;0
SMS;0
WiFiን;1
ሰዎች;3
ሰዎች;3
አስተዳዳሪዎች;3
መዝባሪዎች;3
መንግሥታት;1
ይዘቶች;2
ፖስቶች;3
ጎግል;0
ያሁ;0
ዝርዝር;0
ከኾነ;0
ይመልከቱ;2
ጉዳይ;0
ዓም;0
እንዲሰለል;2
ጥሪ;0
መልዕክቾች;3
ምልልሶች;3
አገልግሎቶች;3
አውታሮችን;1
ለምሳሌ;0
ጫልቱ;0
ለምሳሌ;0
መለያ;0
VoIP;0
SMS;0
WiFiን;1
ሰዎች;3
ሰዎች;3
አስተዳዳሪዎች;3
መዝባሪዎች;3
መንግሥታት;1
ይዘቶች;2
ፖስቶች;3
ጎግል;0
ያሁ;0
ዝርዝር;0
ከኾነ;0
ይመልከቱ;2
ጉዳይ;0
ዓም;0
እንዲሰለል;2
ጥሪ;0
መልዕክቾች;3
ምልልሶች;3
አገልግሎቶች;3
አውታሮችን;1
ለምሳሌ;0
ጫልቱ;0
ለምሳሌ;0
መለያ;0
VoIP;0
SMS;0
WiFiን;1
ሰዎች;3
ሰዎች;3
አስተዳዳሪዎች;3
መዝባሪዎች;3
መንግሥታት;1
ይዘቶች;2
ፖስቶች;3
ጎግል;0
ያሁ;0
ዝርዝር;0
ከኾነ;0
ይመልከቱ;2
ጉዳይ;0
ዓም;0
እንዲሰለል;2
ጥሪ;0
መልዕክቾች;3
ምልልሶች;3
አገልግሎቶች;3
አውታሮችን;1
ለምሳሌ;0
ጫልቱ;0
ለምሳሌ;0
መለያ;0
VoIP;0
SMS;0
WiFiን;1
ሰዎች;3
ሰዎች;3
አስተዳዳሪዎች;3
መዝባሪዎች;3
መንግሥታት;1
ይዘቶች;2
ፖስቶች;3
ጎግል;0
ያሁ;0
ዝርዝር;0
ከኾነ;0
ይመልከቱ;2
ጉዳይ;0
ዓም;0
እንዲሰለል;2
ጥሪ;0
መልዕክቾች;3
ምልልሶች;3
አገልግሎቶች;3
አውታሮችን;1
ለምሳሌ;0
ጫልቱ;0
ለምሳሌ;0
መለያ;0
VoIP;0
SMS;0
WiFiን;1
ሰዎች;3
ሰዎች;3
አስተዳዳሪዎች;3
መዝባሪዎች;3
መንግሥታት;1
ይዘቶች;2
ፖስቶች;3
ጎግል;0
ያሁ;0
ዝርዝር;0
ከኾነ;0
ይመልከቱ;2
ጉዳይ;0
ዓም;0
እንዲሰለል;2
ጥሪ;0
መልዕክቾች;3
ምልልሶች;3
አገልግሎቶች;3
አውታሮችን;1
ለምሳሌ;0
ጫልቱ;0
ለምሳሌ;0
መለያ;0
VoIP;0
SMS;0
WiFiን;1
ሰዎች;3
ሰዎች;3
አስተዳዳሪዎች;3
መዝባሪዎች;3
መንግሥታት;1
ይዘቶች;2
ፖስቶች;3
ጎግል;0
ያሁ;0
ዝርዝር;0
ከኾነ;0
ይመልከቱ;2
ጉዳይ;0
ዓም;0
እንዲሰለል;2
ጥሪ;0
መልዕክቾች;3
ምልልሶች;3
አገልግሎቶች;3
አውታሮችን;1
ለምሳሌ;0
ጫልቱ;0
ለምሳሌ;0
መለያ;0
VoIP;0
SMS;0
WiFiን;1
ሰዎች;3
ሰዎች;3
አስተዳዳሪዎች;3
መዝባሪዎች;3
መንግሥታት;1
ይዘቶች;2
ፖስቶች;3
ጎግል;0
ያሁ;0
ዝርዝር;0
ከኾነ;0
ይመልከቱ;2
ጉዳይ;0
ዓም;0
እንዲሰለል;2
ጥሪ;0
መልዕክቾች;3
ምልልሶች;3
አገልግሎቶች;3
አውታሮችን;1
ለምሳሌ;0
ጫልቱ;0
ለምሳሌ;0
መለያ;0
VoIP;0
SMS;0
WiFiን;1
ሰዎች;3
ሰዎች;3
አስተዳዳሪዎች;3
መዝባሪዎች;3
መንግሥታት;1
ይዘቶች;2
ፖስቶች;3
ጎግል;0
ያሁ;0
ዝርዝር;0
ከኾነ;0
ይመልከቱ;2
ጉዳይ;0
ዓም;0
እንዲሰለል;2
ጥሪ;0
መልዕክቾች;3
ምልልሶች;3
አገልግሎቶች;3
አውታሮችን;1
ለምሳሌ;0
ጫልቱ;0
ለምሳሌ;0
መለያ;0
VoIP;0
SMS;0
WiFiን;1
ሰዎች;3
ሰዎች;3
አስተዳዳሪዎች;3
መዝባሪዎች;3
መንግሥታት;1
ይዘቶች;2
ፖስቶች;3
ጎግል;0
ያሁ;0
ዝርዝር;0
ከኾነ;0
ይመልከቱ;2
ጉዳይ;0
ዓም;0
እንዲሰለል;2
ጥሪ;0
መልዕክቾች;3
ምልልሶች;3
አገልግሎቶች;3
አውታሮችን;1
ለምሳሌ;0
ጫልቱ;0
ለምሳሌ;0
መለያ;0
VoIP;0
SMS;0
WiFiን;1
ሰዎች;3
ሰዎች;3
አስተዳዳሪዎች;3
መዝባሪዎች;3
መንግሥታት;1
ይዘቶች;2
ፖስቶች;3
ጎግል;0
ያሁ;0
ዝርዝር;0
ከኾነ;0
ይመልከቱ;2
ጉዳይ;0
ዓም;0
እንዲሰለል;2
ጥሪ;0
መልዕክቾች;3
ምልልሶች;3
አገልግሎቶች;3
አውታሮችን;1
ለምሳሌ;0
ጫልቱ;0
ለምሳሌ;0
መለያ;0
VoIP;0
SMS;0
WiFiን;1
ሰዎች;3
ሰዎች;3
አስተዳዳሪዎች;3
መዝባሪዎች;3
መንግሥታት;1
ይዘቶች;2
ፖስቶች;3
ጎግል;0
ያሁ;0
ዝርዝር;0
ከኾነ;0
ይመልከቱ;2
ጉዳይ;0
ዓም;0
እንዲሰለል;2
ጥሪ;0
መልዕክቾች;3
ምልልሶች;3
አገልግሎቶች;3
አውታሮችን;1
ለምሳሌ;0
ጫልቱ;0
ለምሳሌ;0
መለያ;0
VoIP;0
SMS;0
WiFiን;1
ሰዎች;3
ሰዎች;3
አስተዳዳሪዎች;3
መዝባሪዎች;3
መንግሥታት;1
ይዘቶች;2
ፖስቶች;3
ጎግል;0
ያሁ;0
ዝርዝር;0
ከኾነ;0
ይመልከቱ;2
ጉዳይ;0
ዓም;0
እንዲሰለል;2
ጥሪ;0
መልዕክቾች;3
ምልልሶች;3
አገልግሎቶች;3
አውታሮችን;1
ለምሳሌ;0
ጫልቱ;0
ለምሳሌ;0
መለያ;0
VoIP;0
SMS;0
WiFiን;1
ሰዎች;3
ሰዎች;3
አስተዳዳሪዎች;3
መዝባሪዎች;3
መንግሥታት;1
ይዘቶች;2
ፖስቶች;3
ጎግል;0
ያሁ;0
ዝርዝር;0
ከኾነ;0
ይመልከቱ;2
ጉዳይ;0
ዓም;0
እንዲሰለል;2
ጥሪ;0
መልዕክቾች;3
ምልልሶች;3
አገልግሎቶች;3
አውታሮችን;1
ለምሳሌ;0
ጫልቱ;0
ለምሳሌ;0
መለያ;0
VoIP;0
SMS;0
WiFiን;1
ሰዎች;3
ሰዎች;3
አስተዳዳሪዎች;3
መዝባሪዎች;3
መንግሥታት;1
ይዘቶች;2
ፖስቶች;3
ጎግል;0
ያሁ;0
ዝርዝር;0
ከኾነ;0
ይመልከቱ;2
ጉዳይ;0
ዓም;0
እንዲሰለል;2
ጥሪ;0
መልዕክቾች;3
ምልልሶች;3
አገልግሎቶች;3
አውታሮችን;1
ለምሳሌ;0
ጫልቱ;0
ለምሳሌ;0
መለያ;0
VoIP;0
SMS;0
WiFiን;1
ሰዎች;3
ሰዎች;3
አስተዳዳሪዎች;3
መዝባሪዎች;3
መንግሥታት;1
ይዘቶች;2
ፖስቶች;3
ጎግል;0
ያሁ;0
ዝርዝር;0
ከኾነ;0
ይመልከቱ;2
ጉዳይ;0
ዓም;0
እንዲሰለል;2
ጥሪ;0
መልዕክቾች;3
ምልልሶች;3
አገልግሎቶች;3
አውታሮችን;1
ለምሳሌ;0
ጫልቱ;0
ለምሳሌ;0
መለያ;0
VoIP;0
SMS;0
WiFiን;1
ሰዎች;3
ሰዎች;3
አስተዳዳሪዎች;3
መዝባሪዎች;3
መንግሥታት;1
ይዘቶች;2
ፖስቶች;3
ጎግል;0
ያሁ;0
ዝርዝር;0
ከኾነ;0
ይመልከቱ;2
ጉዳይ;0
ዓም;0
እንዲሰለል;2
ጥሪ;0
መልዕክቾች;3
ምልልሶች;3
አገልግሎቶች;3
አውታሮችን;1
ለምሳሌ;0
ጫልቱ;0
ለምሳሌ;0
መለያ;0
VoIP;0
SMS;0
WiFiን;1
ሰዎች;3
ሰዎች;3
አስተዳዳሪዎች;3
መዝባሪዎች;3
መንግሥታት;1
ይዘቶች;2
ፖስቶች;3
ጎግል;0
ያሁ;0
ዝርዝር;0
ከኾነ;0
ይመልከቱ;2
ጉዳይ;0
ዓም;0
እንዲሰለል;2
ጥሪ;0
መልዕክቾች;3
ምልልሶች;3
አገልግሎቶች;3
አውታሮችን;1
ለምሳሌ;0
ጫልቱ;0
ለምሳሌ;0
መለያ;0
VoIP;0
SMS;0
WiFiን;1
ሰዎች;3
ሰዎች;3
አስተዳዳሪዎች;3
መዝባሪዎች;3
መንግሥታት;1
ይዘቶች;2
ፖስቶች;3
ጎግል;0
ያሁ;0
ዝርዝር;0
ከኾነ;0
ይመልከቱ;2
ጉዳይ;0
ዓም;0
እንዲሰለል;2
ጥሪ;0
መልዕክቾች;3
ምልልሶች;3
አገልግሎቶች;3
አውታሮችን;1
ለምሳሌ;0
ጫልቱ;0
ለምሳሌ;0
መለያ;0
VoIP;0
SMS;0
WiFiን;1
ሰዎች;3
ሰዎች;3
አስተዳዳሪዎች;3
መዝባሪዎች;3
መንግሥታት;1
ይዘቶች;2
ፖስቶች;3
ጎግል;0
ያሁ;0
ዝርዝር;0
ከኾነ;0
ይመልከቱ;2
ጉዳይ;0
ዓም;0
እንዲሰለል;2
ጥሪ;0
መልዕክቾች;3
ምልልሶች;3
አገልግሎቶች;3
አውታሮችን;1
ለምሳሌ;0
ጫልቱ;0
ለምሳሌ;0
መለያ;0
VoIP;0
SMS;0
WiFiን;1
ሰዎች;3
ሰዎች;3
አስተዳዳሪዎች;3
መዝባሪዎች;3
መንግሥታት;1
ይዘቶች;2
ፖስቶች;3
ጎግል;0
ያሁ;0
ዝርዝር;0
ከኾነ;0
ይመልከቱ;2
ጉዳይ;0
ዓም;0
እንዲሰለል;2
ጥሪ;0
መልዕክቾች;3
ምልልሶች;3
አገልግሎቶች;3
አውታሮችን;1
ለምሳሌ;0
ጫልቱ;0
ለምሳሌ;0
መለያ;0
VoIP;0
SMS;0
WiFiን;1
ሰዎች;3
ሰዎች;3
አስተዳዳሪዎች;3
መዝባሪዎች;3
መንግሥታት;1
ይዘቶች;2
ፖስቶች;3
ጎግል;0
ያሁ;0
ዝርዝር;0
ከኾነ;0
ይመልከቱ;2
ጉዳይ;0
ዓም;0
እንዲሰለል;2
ጥሪ;0
መልዕክቾች;3
ምልልሶች;3
አገልግሎቶች;3
አውታሮችን;1
ለምሳሌ;0
ጫልቱ;0
ለምሳሌ;0
መለያ;0
VoIP;0
SMS;0
WiFiን;1
ሰዎች;3
ሰዎች;3
አስተዳዳሪዎች;3
መዝባሪዎች;3
መንግሥታት;1
ይዘቶች;2
ፖስቶች;3
ጎግል;0
ያሁ;0
ዝርዝር;0
ከኾነ;0
ይመልከቱ;2
ጉዳይ;0
ዓም;0
እንዲሰለል;2
ጥሪ;0
መልዕክቾች;3
ምልልሶች;3
አገልግሎቶች;3
አውታሮችን;1
ለምሳሌ;0
ጫልቱ;0
ለምሳሌ;0
መለያ;0
VoIP;0
SMS;0
WiFiን;1
ሰዎች;3
ሰዎች;3
አስተዳዳሪዎች;3
መዝባሪዎች;3
መንግሥታት;1
ይዘቶች;2
ፖስቶች;3
ጎግል;0
ያሁ;0
ዝርዝር;0
ከኾነ;0
ይመልከቱ;2
ጉዳይ;0
ዓም;0
እንዲሰለል;2
ጥሪ;0
መልዕክቾች;3
ምልልሶች;3
አገልግሎቶች;3
አውታሮችን;1
ለምሳሌ;0
ጫልቱ;0
ለምሳሌ;0
መለያ;0
VoIP;0
SMS;0
WiFiን;1
ሰዎች;3
ሰዎች;3
አስተዳዳሪዎች;3
መዝባሪዎች;3
መንግሥታት;1
ይዘቶች;2
ፖስቶች;3
ጎግል;0
ያሁ;0
ዝርዝር;0
ከኾነ;0
ይመልከቱ;2
ጉዳይ;0
ዓም;0
እንዲሰለል;2
ጥሪ;0
መልዕክቾች;3
ምልልሶች;3
አገልግሎቶች;3
አውታሮችን;1
ለምሳሌ;0
ጫልቱ;0
ለምሳሌ;0
መለያ;0
VoIP;0
SMS;0
WiFiን;1
ሰዎች;3
ሰዎች;3
አስተዳዳሪዎች;3
መዝባሪዎች;3
መንግሥታት;1
ይዘቶች;2
ፖስቶች;3
ጎግል;0
ያሁ;0
ዝርዝር;0
ከኾነ;0
ይመልከቱ;2
ጉዳይ;0
ዓም;0
እንዲሰለል;2
ጥሪ;0
መልዕክቾች;3
ምልልሶች;3
አገልግሎቶች;3
አውታሮችን;1
ለምሳሌ;0
ጫልቱ;0
ለምሳሌ;0
መለያ;0
VoIP;0
SMS;0
WiFiን;1
ሰዎች;3
ሰዎች;3
አስተዳዳሪዎች;3
መዝባሪዎች;3
መንግሥታት;1
ይዘቶች;2
ፖስቶች;3
ጎግል;0
ያሁ;0
ዝርዝር;0
ከኾነ;0
ይመልከቱ;2
ጉዳይ;0
ዓም;0
እንዲሰለል;2
ጥሪ;0
መልዕክቾች;3
ምልልሶች;3
አገልግሎቶች;3
አውታሮችን;1
ለምሳሌ;0
ጫልቱ;0
ለምሳሌ;0
መለያ;0
VoIP;0
SMS;0
WiFiን;1
ሰዎች;3
ሰዎች;3
አስተዳዳሪዎች;3
መዝባሪዎች;3
መንግሥታት;1
ይዘቶች;2
ፖስቶች;3
ጎግል;0
ያሁ;0
ዝርዝር;0
ከኾነ;0
ይመልከቱ;2
ጉዳይ;0
ዓም;0
እንዲሰለል;2
ጥሪ;0
መልዕክቾች;3
ምልልሶች;3
አገልግሎቶች;3
አውታሮችን;1
ለምሳሌ;0
ጫልቱ;0
ለምሳሌ;0
መለያ;0
VoIP;0
SMS;0
WiFiን;1
ሰዎች;3
ሰዎች;3
አስተዳዳሪዎች;3
መዝባሪዎች;3
መንግሥታት;1
ይዘቶች;2
ፖስቶች;3
ጎግል;0
ያሁ;0
ዝርዝር;0
ከኾነ;0
ይመልከቱ;2
ጉዳይ;0
ዓም;0
እንዲሰለል;2
ጥሪ;0
መልዕክቾች;3
ምልልሶች;3
አገልግሎቶች;3
አውታሮችን;1
ለምሳሌ;0
ጫልቱ;0
ለምሳሌ;0
መለያ;0
VoIP;0
SMS;0
WiFiን;1
ሰዎች;3
ሰዎች;3
አስተዳዳሪዎች;3
መዝባሪዎች;3
መንግሥታት;1
ይዘቶች;2
ፖስቶች;3
ጎግል;0
ያሁ;0
ዝርዝር;0
ከኾነ;0
ይመልከቱ;2
ጉዳይ;0
ዓም;0
እንዲሰለል;2
ጥሪ;0
መልዕክቾች;3
ምልልሶች;3
አገልግሎቶች;3
አውታሮችን;1
ለምሳሌ;0
ጫልቱ;0
ለምሳሌ;0
መለያ;0
VoIP;0
SMS;0
WiFiን;1
ሰዎች;3
ሰዎች;3
አስተዳዳሪዎች;3
መዝባሪዎች;3
መንግሥታት;1
ይዘቶች;2
ፖስቶች;3
ጎግል;0
ያሁ;0
ዝርዝር;0
ከኾነ;0
ይመልከቱ;2
ጉዳይ;0
ዓም;0
እንዲሰለል;2
ጥሪ;0
መልዕክቾች;3
ምልልሶች;3
አገልግሎቶች;3
አውታሮችን;1
ለምሳሌ;0
ጫልቱ;0
ለምሳሌ;0
መለያ;0
VoIP;0
SMS;0
WiFiን;1
ሰዎች;3
ሰዎች;3
አስተዳዳሪዎች;3
መዝባሪዎች;3
መንግሥታት;1
ይዘቶች;2
ፖስቶች;3
ጎግል;0
ያሁ;0
ዝርዝር;0
ከኾነ;0
ይመልከቱ;2
ጉዳይ;0
ዓም;0
እንዲሰለል;2
ጥሪ;0
መልዕክቾች;3
ምልልሶች;3
አገልግሎቶች;3
አውታሮችን;1
ለምሳሌ;0
ጫልቱ;0
ለምሳሌ;0
መለያ;0
VoIP;0
SMS;0
WiFiን;1
ሰዎች;3
ሰዎች;3
አስተዳዳሪዎች;3
መዝባሪዎች;3
መንግሥታት;1
ይዘቶች;2
ፖስቶች;3
ጎግል;0
ያሁ;0
ዝርዝር;0
ከኾነ;0
ይመልከቱ;2
ጉዳይ;0
ዓም;0
እንዲሰለል;2
ጥሪ;0
መልዕክቾች;3
ምልልሶች;3
አገልግሎቶች;3
አውታሮችን;1
ለምሳሌ;0
ጫልቱ;0
ለምሳሌ;0
መለያ;0
VoIP;0
SMS;0
WiFiን;1
ሰዎች;3
ሰዎች;3
አስተዳዳሪዎች;3
መዝባሪዎች;3
መንግሥታት;1
ይዘቶች;2
ፖስቶች;3
ጎግል;0
ያሁ;0
ዝርዝር;0
ከኾነ;0
ይመልከቱ;2
ጉዳይ;0
ዓም;0
እንዲሰለል;2
ጥሪ;0
መልዕክቾች;3
ምልልሶች;3
አገልግሎቶች;3
አውታሮችን;1
ለምሳሌ;0
ጫልቱ;0
ለምሳሌ;0
መለያ;0
VoIP;0
SMS;0
WiFiን;1
ሰዎች;3
ሰዎች;3
አስተዳዳሪዎች;3
መዝባሪዎች;3
መንግሥታት;1
ይዘቶች;2
ፖስቶች;3
ጎግል;0
ያሁ;0
ዝርዝር;0
ከኾነ;0
ይመልከቱ;2
ጉዳይ;0
ዓም;0
እንዲሰለል;2
ጥሪ;0
መልዕክቾች;3
ምልልሶች;3
አገልግሎቶች;3
አውታሮችን;1
ለምሳሌ;0
ጫልቱ;0
ለምሳሌ;0
መለያ;0
VoIP;0
SMS;0
WiFiን;1
ሰዎች;3
ሰዎች;3
አስተዳዳሪዎች;3
መዝባሪዎች;3
መንግሥታት;1
ይዘቶች;2
ፖስቶች;3
ጎግል;0
ያሁ;0
ዝርዝር;0
ከኾነ;0
ይመልከቱ;2
ጉዳይ;0
ዓም;0
እንዲሰለል;2
ጥሪ;0
መልዕክቾች;3
ምልልሶች;3
አገልግሎቶች;3
አውታሮችን;1
ለምሳሌ;0
ጫልቱ;0
ለምሳሌ;0
መለያ;0
VoIP;0
SMS;0
WiFiን;1
ሰዎች;3
ሰዎች;3
አስተዳዳሪዎች;3
መዝባሪዎች;3
መንግሥታት;1
ይዘቶች;2
ፖስቶች;3
ጎግል;0
ያሁ;0
ዝርዝር;0
ከኾነ;0
ይመልከቱ;2
ጉዳይ;0
ዓም;0
እንዲሰለል;2
ጥሪ;0
መልዕክቾች;3
ምልልሶች;3
አገልግሎቶች;3
አውታሮችን;1
ለምሳሌ;0
ጫልቱ;0
ለምሳሌ;0
መለያ;0
VoIP;0
SMS;0
WiFiን;1
ሰዎች;3
ሰዎች;3
አስተዳዳሪዎች;3
መዝባሪዎች;3
መንግሥታት;1
ይዘቶች;2
ፖስቶች;3
ጎግል;0
ያሁ;0
ዝርዝር;0
ከኾነ;0
ይመልከቱ;2
ጉዳይ;0
ዓም;0
እንዲሰለል;2
ጥሪ;0
መልዕክቾች;3
ምልልሶች;3
አገልግሎቶች;3
አውታሮችን;1
ለምሳሌ;0
ጫልቱ;0
ለምሳሌ;0
መለያ;0
VoIP;0
SMS;0
WiFiን;1
ሰዎች;3
ሰዎች;3
አስተዳዳሪዎች;3
መዝባሪዎች;3
መንግሥታት;1
ይዘቶች;2
ፖስቶች;3
ጎግል;0
ያሁ;0
ዝርዝር;0
ከኾነ;0
ይመልከቱ;2
ጉዳይ;0
ዓም;0
እንዲሰለል;2
ጥሪ;0
መልዕክቾች;3
ምልልሶች;3
አገልግሎቶች;3
አውታሮችን;1
ለምሳሌ;0
ጫልቱ;0
ለምሳሌ;0
መለያ;0
VoIP;0
SMS;0
WiFiን;1
ሰዎች;3
ሰዎች;3
አስተዳዳሪዎች;3
መዝባሪዎች;3
መንግሥታት;1
ይዘቶች;2
ፖስቶች;3
ጎግል;0
ያሁ;0
ዝርዝር;0
ከኾነ;0
ይመልከቱ;2
ጉዳይ;0
ዓም;0
እንዲሰለል;2
ጥሪ;0
መልዕክቾች;3
ምልልሶች;3
አገልግሎቶች;3
አውታሮችን;1
ለምሳሌ;0
ጫልቱ;0
ለምሳሌ;0
መለያ;0
VoIP;0
SMS;0
WiFiን;1
ሰዎች;3
ሰዎች;3
አስተዳዳሪዎች;3
መዝባሪዎች;3
መንግሥታት;1
ይዘቶች;2
ፖስቶች;3
ጎግል;0
ያሁ;0
ዝርዝር;0
ከኾነ;0
ይመልከቱ;2
ጉዳይ;0
ዓም;0
እንዲሰለል;2
ጥሪ;0
መልዕክቾች;3
ምልልሶች;3
አገልግሎቶች;3
አውታሮችን;1
ለምሳሌ;0
ጫልቱ;0
ለምሳሌ;0
መለያ;0
VoIP;0
SMS;0
WiFiን;1
ሰዎች;3
ሰዎች;3
አስተዳዳሪዎች;3
መዝባሪዎች;3
መንግሥታት;1
ይዘቶች;2
ፖስቶች;3
ጎግል;0
ያሁ;0
ዝርዝር;0
ከኾነ;0
ይመልከቱ;2
ጉዳይ;0
ዓም;0
እንዲሰለል;2
ጥሪ;0
መልዕክቾች;3
ምልልሶች;3
አገልግሎቶች;3
አውታሮችን;1
ለምሳሌ;0
ጫልቱ;0
ለምሳሌ;0
መለያ;0
VoIP;0
SMS;0
WiFiን;1
ሰዎች;3
ሰዎች;3
አስተዳዳሪዎች;3
መዝባሪዎች;3
መንግሥታት;1
ይዘቶች;2
ፖስቶች;3
ጎግል;0
ያሁ;0
ዝርዝር;0
ከኾነ;0
ይመልከቱ;2
ጉዳይ;0
ዓም;0
እንዲሰለል;2
ጥሪ;0
መልዕክቾች;3
ምልልሶች;3
አገልግሎቶች;3
አውታሮችን;1
ለምሳሌ;0
ጫልቱ;0
ለምሳሌ;0
መለያ;0
VoIP;0
SMS;0
WiFiን;1
ሰዎች;3
ሰዎች;3
አስተዳዳሪዎች;3
መዝባሪዎች;3
መንግሥታት;1
ይዘቶች;2
ፖስቶች;3
ጎግል;0
ያሁ;0
ዝርዝር;0
ከኾነ;0
ይመልከቱ;2
ጉዳይ;0
ዓም;0
እንዲሰለል;2
ጥሪ;0
መልዕክቾች;3
ምልልሶች;3
አገልግሎቶች;3
አውታሮችን;1
ለምሳሌ;0
ጫልቱ;0
ለምሳሌ;0
መለያ;0
VoIP;0
SMS;0
WiFiን;1
ሰዎች;3
ሰዎች;3
አስተዳዳሪዎች;3
መዝባሪዎች;3
መንግሥታት;1
ይዘቶች;2
ፖስቶች;3
ጎግል;0
ያሁ;0
ዝርዝር;0
ከኾነ;0
ይመልከቱ;2
ጉዳይ;0
ዓም;0
እንዲሰለል;2
ጥሪ;0
መልዕክቾች;3
ምልልሶች;3
አገልግሎቶች;3
አውታሮችን;1
ለምሳሌ;0
ጫልቱ;0
ለምሳሌ;0
መለያ;0
VoIP;0
SMS;0
WiFiን;1
ሰዎች;3
ሰዎች;3
አስተዳዳሪዎች;3
መዝባሪዎች;3
መንግሥታት;1
ይዘቶች;2
ፖስቶች;3
ጎግል;0
ያሁ;0
ዝርዝር;0
ከኾነ;0
ይመልከቱ;2
ጉዳይ;0
ዓም;0
እንዲሰለል;2
ጥሪ;0
መልዕክቾች;3
ምልልሶች;3
አገልግሎቶች;3
አውታሮችን;1
ለምሳሌ;0
ጫልቱ;0
ለምሳሌ;0
መለያ;0
VoIP;0
SMS;0
WiFiን;1
ሰዎች;3
ሰዎች;3
አስተዳዳሪዎች;3
መዝባሪዎች;3
መንግሥታት;1
ይዘቶች;2
ፖስቶች;3
ጎግል;0
ያሁ;0
ዝርዝር;0
ከኾነ;0
ይመልከቱ;2
ጉዳይ;0
ዓም;0
እንዲሰለል;2
ጥሪ;0
መልዕክቾች;3
ምልልሶች;3
አገልግሎቶች;3
አውታሮችን;1
ለምሳሌ;0
ጫልቱ;0
ለምሳሌ;0
መለያ;0
VoIP;0
SMS;0
WiFiን;1
ሰዎች;3
ሰዎች;3
አስተዳዳሪዎች;3
መዝባሪዎች;3
መንግሥታት;1
ይዘቶች;2
ፖስቶች;3
ጎግል;0
ያሁ;0
ዝርዝር;0
ከኾነ;0
ይመልከቱ;2
ጉዳይ;0
ዓም;0
እንዲሰለል;2
ጥሪ;0
መልዕክቾች;3
ምልልሶች;3
አገልግሎቶች;3
አውታሮችን;1
ለምሳሌ;0
ጫልቱ;0
ለምሳሌ;0
መለያ;0
VoIP;0
SMS;0
WiFiን;1
ሰዎች;3
ሰዎች;3
አስተዳዳሪዎች;3
መዝባሪዎች;3
መንግሥታት;1
ይዘቶች;2
ፖስቶች;3
ጎግል;0
ያሁ;0
ዝርዝር;0
ከኾነ;0
ይመልከቱ;2
ጉዳይ;0
ዓም;0
እንዲሰለል;2
ጥሪ;0
መልዕክቾች;3
ምልልሶች;3
አገልግሎቶች;3
አውታሮችን;1
ለምሳሌ;0
ጫልቱ;0
ለምሳሌ;0
መለያ;0
VoIP;0
SMS;0
WiFiን;1
ሰዎች;3
ሰዎች;3
አስተዳዳሪዎች;3
መዝባሪዎች;3
መንግሥታት;1
ይዘቶች;2
ፖስቶች;3
ጎግል;0
ያሁ;0
ዝርዝር;0
ከኾነ;0
ይመልከቱ;2
ጉዳይ;0
ዓም;0
እንዲሰለል;2
ጥሪ;0
መልዕክቾች;3
ምልልሶች;3
አገልግሎቶች;3
አውታሮችን;1
ለምሳሌ;0
ጫልቱ;0
ለምሳሌ;0
መለያ;0
VoIP;0
SMS;0
WiFiን;1
ሰዎች;3
ሰዎች;3
አስተዳዳሪዎች;3
መዝባሪዎች;3
መንግሥታት;1
ይዘቶች;2
ፖስቶች;3
ጎግል;0
ያሁ;0
ዝርዝር;0
ከኾነ;0
ይመልከቱ;2
ጉዳይ;0
ዓም;0
እንዲሰለል;2
ጥሪ;0
መልዕክቾች;3
ምልልሶች;3
አገልግሎቶች;3
አውታሮችን;1
ለምሳሌ;0
ጫልቱ;0
ለምሳሌ;0
መለያ;0
VoIP;0
SMS;0
WiFiን;1
ሰዎች;3
ሰዎች;3
አስተዳዳሪዎች;3
መዝባሪዎች;3
መንግሥታት;1
ይዘቶች;2
ፖስቶች;3
ጎግል;0
ያሁ;0
ዝርዝር;0
ከኾነ;0
ይመልከቱ;2
ጉዳይ;0
ዓም;0
እንዲሰለል;2
ጥሪ;0
መልዕክቾች;3
ምልልሶች;3
አገልግሎቶች;3
አውታሮችን;1
ለምሳሌ;0
ጫልቱ;0
ለምሳሌ;0
መለያ;0
VoIP;0
SMS;0
WiFiን;1
ሰዎች;3
ሰዎች;3
አስተዳዳሪዎች;3
መዝባሪዎች;3
መንግሥታት;1
ይዘቶች;2
ፖስቶች;3
ጎግል;0
ያሁ;0
ዝርዝር;0
ከኾነ;0
ይመልከቱ;2
ጉዳይ;0
ዓም;0
እንዲሰለል;2
ጥሪ;0
መልዕክቾች;3
ምልልሶች;3
አገልግሎቶች;3
አውታሮችን;1
ለምሳሌ;0
ጫልቱ;0
ለምሳሌ;0
መለያ;0
VoIP;0
SMS;0
WiFiን;1
ሰዎች;3
ሰዎች;3
አስተዳዳሪዎች;3
መዝባሪዎች;3
መንግሥታት;1
ይዘቶች;2
ፖስቶች;3
ጎግል;0
ያሁ;0
ዝርዝር;0
ከኾነ;0
ይመልከቱ;2
ጉዳይ;0
ዓም;0
እንዲሰለል;2
ጥሪ;0
መልዕክቾች;3
ምልልሶች;3
አገልግሎቶች;3
አውታሮችን;1
ለምሳሌ;0
ጫልቱ;0
ለምሳሌ;0
መለያ;0
VoIP;0
SMS;0
WiFiን;1
ሰዎች;3
ሰዎች;3
አስተዳዳሪዎች;3
መዝባሪዎች;3
መንግሥታት;1
ይዘቶች;2
ፖስቶች;3
ጎግል;0
ያሁ;0
ዝርዝር;0
ከኾነ;0
ይመልከቱ;2
ጉዳይ;0
ዓም;0
እንዲሰለል;2
ጥሪ;0
መልዕክቾች;3
ምልልሶች;3
አገልግሎቶች;3
አውታሮችን;1
ለምሳሌ;0
ጫልቱ;0
ለምሳሌ;0
መለያ;0
VoIP;0
SMS;0
WiFiን;1
ሰዎች;3
ሰዎች;3
አስተዳዳሪዎች;3
መዝባሪዎች;3
መንግሥታት;1
ይዘቶች;2
ፖስቶች;3
ጎግል;0
ያሁ;0
ዝርዝር;0
ከኾነ;0
ይመልከቱ;2
ጉዳይ;0
ዓም;0
እንዲሰለል;2
ጥሪ;0
መልዕክቾች;3
ምልልሶች;3
አገልግሎቶች;3
አውታሮችን;1
ለምሳሌ;0
ጫልቱ;0
ለምሳሌ;0
መለያ;0
VoIP;0
SMS;0
WiFiን;1
ሰዎች;3
ሰዎች;3
አስተዳዳሪዎች;3
መዝባሪዎች;3
መንግሥታት;1
ይዘቶች;2
ፖስቶች;3
ጎግል;0
ያሁ;0
ዝርዝር;0
ከኾነ;0
ይመልከቱ;2
ጉዳይ;0
ዓም;0
እንዲሰለል;2
ጥሪ;0
መልዕክቾች;3
ምልልሶች;3
አገልግሎቶች;3
አውታሮችን;1
ለምሳሌ;0
ጫልቱ;0
ለምሳሌ;0
መለያ;0
VoIP;0
SMS;0
WiFiን;1
ሰዎች;3
ሰዎች;3
አስተዳዳሪዎች;3
መዝባሪዎች;3
መንግሥታት;1
ይዘቶች;2
ፖስቶች;3
ጎግል;0
ያሁ;0
ዝርዝር;0
ከኾነ;0
ይመልከቱ;2
ጉዳይ;0
ዓም;0
እንዲሰለል;2
ጥሪ;0
መልዕክቾች;3
ምልልሶች;3
አገልግሎቶች;3
አውታሮችን;1
ለምሳሌ;0
ጫልቱ;0
ለምሳሌ;0
መለያ;0
VoIP;0
SMS;0
WiFiን;1
ሰዎች;3
ሰዎች;3
አስተዳዳሪዎች;3
መዝባሪዎች;3
መንግሥታት;1
ይዘቶች;2
ፖስቶች;3
ጎግል;0
ያሁ;0
ዝርዝር;0
ከኾነ;0
ይመልከቱ;2
ጉዳይ;0
ዓም;0
እንዲሰለል;2
ጥሪ;0
መልዕክቾች;3
ምልልሶች;3
አገልግሎቶች;3
አውታሮችን;1
ለምሳሌ;0
ጫልቱ;0
ለምሳሌ;0
መለያ;0
VoIP;0
SMS;0
WiFiን;1
ሰዎች;3
ሰዎች;3
አስተዳዳሪዎች;3
መዝባሪዎች;3
መንግሥታት;1
ይዘቶች;2
ፖስቶች;3
ጎግል;0
ያሁ;0
ዝርዝር;0
ከኾነ;0
ይመልከቱ;2
ጉዳይ;0
ዓም;0
እንዲሰለል;2
ጥሪ;0
መልዕክቾች;3
ምልልሶች;3
አገልግሎቶች;3
አውታሮችን;1
ለምሳሌ;0
ጫልቱ;0
ለምሳሌ;0
መለያ;0
VoIP;0
SMS;0
WiFiን;1
ሰዎች;3
ሰዎች;3
አስተዳዳሪዎች;3
መዝባሪዎች;3
መንግሥታት;1
ይዘቶች;2
ፖስቶች;3
ጎግል;0
ያሁ;0
ዝርዝር;0
ከኾነ;0
ይመልከቱ;2
ጉዳይ;0
ዓም;0
እንዲሰለል;2
ጥሪ;0
መልዕክቾች;3
ምልልሶች;3
አገልግሎቶች;3
አውታሮችን;1
ለምሳሌ;0
ጫልቱ;0
ለምሳሌ;0
መለያ;0
VoIP;0
SMS;0
WiFiን;1
ሰዎች;3
ሰዎች;3
አስተዳዳሪዎች;3
መዝባሪዎች;3
መንግሥታት;1
ይዘቶች;2
ፖስቶች;3
ጎግል;0
ያሁ;0
ዝርዝር;0
ከኾነ;0
ይመልከቱ;2
ጉዳይ;0
ዓም;0
እንዲሰለል;2
ጥሪ;0
መልዕክቾች;3
ምልልሶች;3
አገልግሎቶች;3
አውታሮችን;1
ለምሳሌ;0
ጫልቱ;0
ለምሳሌ;0
መለያ;0
VoIP;0
SMS;0
WiFiን;1
ሰዎች;3
ሰዎች;3
አስተዳዳሪዎች;3
መዝባሪዎች;3
መንግሥታት;1
ይዘቶች;2
ፖስቶች;3
ጎግል;0
ያሁ;0
ዝርዝር;0
ከኾነ;0
ይመልከቱ;2
ጉዳይ;0
ዓም;0
እንዲሰለል;2
ጥሪ;0
መልዕክቾች;3
ምልልሶች;3
አገልግሎቶች;3
አውታሮችን;1
ለምሳሌ;0
ጫልቱ;0
ለምሳሌ;0
መለያ;0
VoIP;0
SMS;0
WiFiን;1
ሰዎች;3
ሰዎች;3
አስተዳዳሪዎች;3
መዝባሪዎች;3
መንግሥታት;1
ይዘቶች;2
ፖስቶች;3
ጎግል;0
ያሁ;0
ዝርዝር;0
ከኾነ;0
ይመልከቱ;2
ጉዳይ;0
ዓም;0
እንዲሰለል;2
ጥሪ;0
መልዕክቾች;3
ምልልሶች;3
አገልግሎቶች;3
አውታሮችን;1
ለምሳሌ;0
ጫልቱ;0
ለምሳሌ;0
መለያ;0
VoIP;0
SMS;0
WiFiን;1
ሰዎች;3
ሰዎች;3
አስተዳዳሪዎች;3
መዝባሪዎች;3
መንግሥታት;1
ይዘቶች;2
ፖስቶች;3
ጎግል;0
ያሁ;0
ዝርዝር;0
ከኾነ;0
ይመልከቱ;2
ጉዳይ;0
ዓም;0
እንዲሰለል;2
ጥሪ;0
መልዕክቾች;3
ምልልሶች;3
አገልግሎቶች;3
አውታሮችን;1
ለምሳሌ;0
ጫልቱ;0
ለምሳሌ;0
መለያ;0
VoIP;0
SMS;0
WiFiን;1
ሰዎች;3
ሰዎች;3
አስተዳዳሪዎች;3
መዝባሪዎች;3
መንግሥታት;1
ይዘቶች;2
ፖስቶች;3
ጎግል;0
ያሁ;0
ዝርዝር;0
ከኾነ;0
ይመልከቱ;2
ጉዳይ;0
ዓም;0
እንዲሰለል;2
ጥሪ;0
መልዕክቾች;3
ምልልሶች;3
አገልግሎቶች;3
አውታሮችን;1
ለምሳሌ;0
ጫልቱ;0
ለምሳሌ;0
መለያ;0
VoIP;0
SMS;0
WiFiን;1
ሰዎች;3
ሰዎች;3
አስተዳዳሪዎች;3
መዝባሪዎች;3
መንግሥታት;1
ይዘቶች;2
ፖስቶች;3
ጎግል;0
ያሁ;0
ዝርዝር;0
ከኾነ;0
ይመልከቱ;2
ጉዳይ;0
ዓም;0
እንዲሰለል;2
ጥሪ;0
መልዕክቾች;3
ምልልሶች;3
አገልግሎቶች;3
አውታሮችን;1
ለምሳሌ;0
ጫልቱ;0
ለምሳሌ;0
መለያ;0
VoIP;0
SMS;0
WiFiን;1
ሰዎች;3
ሰዎች;3
አስተዳዳሪዎች;3
መዝባሪዎች;3
መንግሥታት;1
ይዘቶች;2
ፖስቶች;3
ጎግል;0
ያሁ;0
ዝርዝር;0
ከኾነ;0
ይመልከቱ;2
ጉዳይ;0
ዓም;0
እንዲሰለል;2
ጥሪ;0
መልዕክቾች;3
ምልልሶች;3
አገልግሎቶች;3
አውታሮችን;1
ለምሳሌ;0
ጫልቱ;0
ለምሳሌ;0
መለያ;0
VoIP;0
SMS;0
WiFiን;1
ሰዎች;3
ሰዎች;3
አስተዳዳሪዎች;3
መዝባሪዎች;3
መንግሥታት;1
ይዘቶች;2
ፖስቶች;3
ጎግል;0
ያሁ;0
ዝርዝር;0
ከኾነ;0
ይመልከቱ;2
ጉዳይ;0
ዓም;0
እንዲሰለል;2
ጥሪ;0
መልዕክቾች;3
ምልልሶች;3
አገልግሎቶች;3
አውታሮችን;1
ለምሳሌ;0
ጫልቱ;0
ለምሳሌ;0
መለያ;0
VoIP;0
SMS;0
WiFiን;1
ሰዎች;3
ሰዎች;3
አስተዳዳሪዎች;3
መዝባሪዎች;3
መንግሥታት;1
ይዘቶች;2
ፖስቶች;3
ጎግል;0
ያሁ;0
ዝርዝር;0
ከኾነ;0
ይመልከቱ;2
ጉዳይ;0
ዓም;0
እንዲሰለል;2
ጥሪ;0
መልዕክቾች;3
ምልልሶች;3
አገልግሎቶች;3
አውታሮችን;1
ለምሳሌ;0
ጫልቱ;0
ለምሳሌ;0
መለያ;0
VoIP;0
SMS;0
WiFiን;1
ሰዎች;3
ሰዎች;3
አስተዳዳሪዎች;3
መዝባሪዎች;3
መንግሥታት;1
ይዘቶች;2
ፖስቶች;3
ጎግል;0
ያሁ;0
ዝርዝር;0
ከኾነ;0
ይመልከቱ;2
ጉዳይ;0
ዓም;0
እንዲሰለል;2
ጥሪ;0
መልዕክቾች;3
ምልልሶች;3
አገልግሎቶች;3
አውታሮችን;1
ለምሳሌ;0
ጫልቱ;0
ለምሳሌ;0
መለያ;0
VoIP;0
SMS;0
WiFiን;1
ሰዎች;3
ሰዎች;3
አስተዳዳሪዎች;3
መዝባሪዎች;3
መንግሥታት;1
ይዘቶች;2
ፖስቶች;3
ጎግል;0
ያሁ;0
ዝርዝር;0
ከኾነ;0
ይመልከቱ;2
ጉዳይ;0
ዓም;0
እንዲሰለል;2
ጥሪ;0
መልዕክቾች;3
ምልልሶች;3
አገልግሎቶች;3
አውታሮችን;1
ለምሳሌ;0
ጫልቱ;0
ለምሳሌ;0
መለያ;0
VoIP;0
SMS;0
WiFiን;1
ሰዎች;3
ሰዎች;3
አስተዳዳሪዎች;3
መዝባሪዎች;3
መንግሥታት;1
ይዘቶች;2
ፖስቶች;3
ጎግል;0
ያሁ;0
ዝርዝር;0
ከኾነ;0
ይመልከቱ;2
ጉዳይ;0
ዓም;0
እንዲሰለል;2
ጥሪ;0
መልዕክቾች;3
ምልልሶች;3
አገልግሎቶች;3
አውታሮችን;1
ለምሳሌ;0
ጫልቱ;0
ለምሳሌ;0
መለያ;0
VoIP;0
SMS;0
WiFiን;1
ሰዎች;3
ሰዎች;3
አስተዳዳሪዎች;3
መዝባሪዎች;3
መንግሥታት;1
ይዘቶች;2
ፖስቶች;3
ጎግል;0
ያሁ;0
ዝርዝር;0
ከኾነ;0
ይመልከቱ;2
ጉዳይ;0
ዓም;0
እንዲሰለል;2
ጥሪ;0
መልዕክቾች;3
ምልልሶች;3
አገልግሎቶች;3
አውታሮችን;1
ለምሳሌ;0
ጫልቱ;0
ለምሳሌ;0
መለያ;0
VoIP;0
SMS;0
WiFiን;1
ሰዎች;3
ሰዎች;3
አስተዳዳሪዎች;3
መዝባሪዎች;3
መንግሥታት;1
ይዘቶች;2
ፖስቶች;3
ጎግል;0
ያሁ;0
ዝርዝር;0
ከኾነ;0
ይመልከቱ;2
ጉዳይ;0
ዓም;0
እንዲሰለል;2
ጥሪ;0
መልዕክቾች;3
ምልልሶች;3
አገልግሎቶች;3
አውታሮችን;1
ለምሳሌ;0
ጫልቱ;0
ለምሳሌ;0
መለያ;0
VoIP;0
SMS;0
WiFiን;1
ሰዎች;3
ሰዎች;3
አስተዳዳሪዎች;3
መዝባሪዎች;3
መንግሥታት;1
ይዘቶች;2
ፖስቶች;3
ጎግል;0
ያሁ;0
ዝርዝር;0
ከኾነ;0
ይመልከቱ;2
ጉዳይ;0
ዓም;0
እንዲሰለል;2
ጥሪ;0
መልዕክቾች;3
ምልልሶች;3
አገልግሎቶች;3
አውታሮችን;1
ለምሳሌ;0
ጫልቱ;0
ለምሳሌ;0
መለያ;0
VoIP;0
SMS;0
WiFiን;1
ሰዎች;3
ሰዎች;3
አስተዳዳሪዎች;3
መዝባሪዎች;3
መንግሥታት;1
ይዘቶች;2
ፖስቶች;3
ጎግል;0
ያሁ;0
ዝርዝር;0
ከኾነ;0
ይመልከቱ;2
ጉዳይ;0
ዓም;0
እንዲሰለል;2
ጥሪ;0
መልዕክቾች;3
ምልልሶች;3
አገልግሎቶች;3
አውታሮችን;1
ለምሳሌ;0
ጫልቱ;0
ለምሳሌ;0
መለያ;0
VoIP;0
SMS;0
WiFiን;1
ሰዎች;3
ሰዎች;3
አስተዳዳሪዎች;3
መዝባሪዎች;3
መንግሥታት;1
ይዘቶች;2
ፖስቶች;3
ጎግል;0
ያሁ;0
ዝርዝር;0
ከኾነ;0
ይመልከቱ;2
ጉዳይ;0
ዓም;0
እንዲሰለል;2
ጥሪ;0
መልዕክቾች;3
ምልልሶች;3
አገልግሎቶች;3
አውታሮችን;1
ለምሳሌ;0
ጫልቱ;0
ለምሳሌ;0
መለያ;0
VoIP;0
SMS;0
WiFiን;1
ሰዎች;3
ሰዎች;3
አስተዳዳሪዎች;3
መዝባሪዎች;3
መንግሥታት;1
ይዘቶች;2
ፖስቶች;3
ጎግል;0
ያሁ;0
ዝርዝር;0
ከኾነ;0
ይመልከቱ;2
ጉዳይ;0
ዓም;0
እንዲሰለል;2
ጥሪ;0
መልዕክቾች;3
ምልልሶች;3
አገልግሎቶች;3
አውታሮችን;1
ለምሳሌ;0
ጫልቱ;0
ለምሳሌ;0
መለያ;0
VoIP;0
SMS;0
WiFiን;1
ሰዎች;3
ሰዎች;3
አስተዳዳሪዎች;3
መዝባሪዎች;3
መንግሥታት;1
ይዘቶች;2
ፖስቶች;3
ጎግል;0
ያሁ;0
ዝርዝር;0
ከኾነ;0
ይመልከቱ;2
ጉዳይ;0
ዓም;0
እንዲሰለል;2
ጥሪ;0
መልዕክቾች;3
ምልልሶች;3
አገልግሎቶች;3
አውታሮችን;1
ለምሳሌ;0
ጫልቱ;0
ለምሳሌ;0
መለያ;0
VoIP;0
SMS;0
WiFiን;1
ሰዎች;3
ሰዎች;3
አስተዳዳሪዎች;3
መዝባሪዎች;3
መንግሥታት;1
ይዘቶች;2
ፖስቶች;3
ጎግል;0
ያሁ;0
ዝርዝር;0
ከኾነ;0
ይመልከቱ;2
ጉዳይ;0
ዓም;0
እንዲሰለል;2
ጥሪ;0
መልዕክቾች;3
ምልልሶች;3
አገልግሎቶች;3
አውታሮችን;1
ለምሳሌ;0
ጫልቱ;0
ለምሳሌ;0
መለያ;0
VoIP;0
SMS;0
WiFiን;1
ሰዎች;3
ሰዎች;3
አስተዳዳሪዎች;3
መዝባሪዎች;3
መንግሥታት;1
ይዘቶች;2
ፖስቶች;3
ጎግል;0
ያሁ;0
ዝርዝር;0
ከኾነ;0
ይመልከቱ;2
ጉዳይ;0
ዓም;0
እንዲሰለል;2
ጥሪ;0
መልዕክቾች;3
ምልልሶች;3
አገልግሎቶች;3
አውታሮችን;1
ለምሳሌ;0
ጫልቱ;0
ለምሳሌ;0
መለያ;0
VoIP;0
SMS;0
WiFiን;1
ሰዎች;3
ሰዎች;3
አስተዳዳሪዎች;3
መዝባሪዎች;3
መንግሥታት;1
ይዘቶች;2
ፖስቶች;3
ጎግል;0
ያሁ;0
ዝርዝር;0
ከኾነ;0
ይመልከቱ;2
ጉዳይ;0
ዓም;0
እንዲሰለል;2
ጥሪ;0
መልዕክቾች;3
ምልልሶች;3
አገልግሎቶች;3
አውታሮችን;1
ለምሳሌ;0
ጫልቱ;0
ለምሳሌ;0
መለያ;0
VoIP;0
SMS;0
WiFiን;1
ሰዎች;3
ሰዎች;3
አስተዳዳሪዎች;3
መዝባሪዎች;3
መንግሥታት;1
ይዘቶች;2
ፖስቶች;3
ጎግል;0
ያሁ;0
ዝርዝር;0
ከኾነ;0
ይመልከቱ;2
ጉዳይ;0
ዓም;0
እንዲሰለል;2
ጥሪ;0
መልዕክቾች;3
ምልልሶች;3
አገልግሎቶች;3
አውታሮችን;1
ለምሳሌ;0
ጫልቱ;0
ለምሳሌ;0
መለያ;0
VoIP;0
SMS;0
WiFiን;1
ሰዎች;3
ሰዎች;3
አስተዳዳሪዎች;3
መዝባሪዎች;3
መንግሥታት;1
ይዘቶች;2
ፖስቶች;3
ጎግል;0
ያሁ;0
ዝርዝር;0
ከኾነ;0
ይመልከቱ;2
ጉዳይ;0
ዓም;0
እንዲሰለል;2
ጥሪ;0
መልዕክቾች;3
ምልልሶች;3
አገልግሎቶች;3
አውታሮችን;1
ለምሳሌ;0
ጫልቱ;0
ለምሳሌ;0
መለያ;0
VoIP;0
SMS;0
WiFiን;1
ሰዎች;3
ሰዎች;3
አስተዳዳሪዎች;3
መዝባሪዎች;3
መንግሥታት;1
ይዘቶች;2
ፖስቶች;3
ጎግል;0
ያሁ;0
ዝርዝር;0
ከኾነ;0
ይመልከቱ;2
ጉዳይ;0
ዓም;0
እንዲሰለል;2
ጥሪ;0
መልዕክቾች;3
ምልልሶች;3
አገልግሎቶች;3
አውታሮችን;1
ለምሳሌ;0
ጫልቱ;0
ለምሳሌ;0
መለያ;0
VoIP;0
SMS;0
WiFiን;1
ሰዎች;3
ሰዎች;3
አስተዳዳሪዎች;3
መዝባሪዎች;3
መንግሥታት;1
ይዘቶች;2
ፖስቶች;3
ጎግል;0
ያሁ;0
ዝርዝር;0
ከኾነ;0
ይመልከቱ;2
ጉዳይ;0
ዓም;0
እንዲሰለል;2
ጥሪ;0
መልዕክቾች;3
ምልልሶች;3
አገልግሎቶች;3
አውታሮችን;1
ለምሳሌ;0
ጫልቱ;0
ለምሳሌ;0
መለያ;0
VoIP;0
SMS;0
WiFiን;1
ሰዎች;3
ሰዎች;3
አስተዳዳሪዎች;3
መዝባሪዎች;3
መንግሥታት;1
ይዘቶች;2
ፖስቶች;3
ጎግል;0
ያሁ;0
ዝርዝር;0
ከኾነ;0
ይመልከቱ;2
ጉዳይ;0
ዓም;0
እንዲሰለል;2
ጥሪ;0
መልዕክቾች;3
ምልልሶች;3
አገልግሎቶች;3
አውታሮችን;1
ለምሳሌ;0
ጫልቱ;0
ለምሳሌ;0
መለያ;0
VoIP;0
SMS;0
WiFiን;1
ሰዎች;3
ሰዎች;3
አስተዳዳሪዎች;3
መዝባሪዎች;3
መንግሥታት;1
ይዘቶች;2
ፖስቶች;3
ጎግል;0
ያሁ;0
ዝርዝር;0
ከኾነ;0
ይመልከቱ;2
ጉዳይ;0
ዓም;0
እንዲሰለል;2
ጥሪ;0
መልዕክቾች;3
ምልልሶች;3
አገልግሎቶች;3
አውታሮችን;1
ለምሳሌ;0
ጫልቱ;0
ለምሳሌ;0
መለያ;0
VoIP;0
SMS;0
WiFiን;1
ሰዎች;3
ሰዎች;3
አስተዳዳሪዎች;3
መዝባሪዎች;3
መንግሥታት;1
ይዘቶች;2
ፖስቶች;3
ጎግል;0
ያሁ;0
ዝርዝር;0
ከኾነ;0
ይመልከቱ;2
ጉዳይ;0
ዓም;0
እንዲሰለል;2
ጥሪ;0
መልዕክቾች;3
ምልልሶች;3
አገልግሎቶች;3
አውታሮችን;1
ለምሳሌ;0
ጫልቱ;0
ለምሳሌ;0
መለያ;0
VoIP;0
SMS;0
WiFiን;1
ሰዎች;3
ሰዎች;3
አስተዳዳሪዎች;3
መዝባሪዎች;3
መንግሥታት;1
ይዘቶች;2
ፖስቶች;3
ጎግል;0
ያሁ;0
ዝርዝር;0
ከኾነ;0
ይመልከቱ;2
ጉዳይ;0
ዓም;0
እንዲሰለል;2
ጥሪ;0
መልዕክቾች;3
ምልልሶች;3
አገልግሎቶች;3
አውታሮችን;1
ለምሳሌ;0
ጫልቱ;0
ለምሳሌ;0
መለያ;0
VoIP;0
SMS;0
WiFiን;1
ሰዎች;3
ሰዎች;3
አስተዳዳሪዎች;3
መዝባሪዎች;3
መንግሥታት;1
ይዘቶች;2
ፖስቶች;3
ጎግል;0
ያሁ;0
ዝርዝር;0
ከኾነ;0
ይመልከቱ;2
ጉዳይ;0
ዓም;0
እንዲሰለል;2
ጥሪ;0
መልዕክቾች;3
ምልልሶች;3
አገልግሎቶች;3
አውታሮችን;1
ለምሳሌ;0
ጫልቱ;0
ለምሳሌ;0
መለያ;0
VoIP;0
SMS;0
WiFiን;1
ሰዎች;3
ሰዎች;3
አስተዳዳሪዎች;3
መዝባሪዎች;3
መንግሥታት;1
ይዘቶች;2
ፖስቶች;3
ጎግል;0
ያሁ;0
ዝርዝር;0
ከኾነ;0
ይመልከቱ;2
ጉዳይ;0
ዓም;0
እንዲሰለል;2
ጥሪ;0
መልዕክቾች;3
ምልልሶች;3
አገልግሎቶች;3
አውታሮችን;1
ለምሳሌ;0
ጫልቱ;0
ለምሳሌ;0
መለያ;0
VoIP;0
SMS;0
WiFiን;1
ሰዎች;3
ሰዎች;3
አስተዳዳሪዎች;3
መዝባሪዎች;3
መንግሥታት;1
ይዘቶች;2
ፖስቶች;3
ጎግል;0
ያሁ;0
ዝርዝር;0
ከኾነ;0
ይመልከቱ;2
ጉዳይ;0
ዓም;0
እንዲሰለል;2
ጥሪ;0
መልዕክቾች;3
ምልልሶች;3
አገልግሎቶች;3
አውታሮችን;1
ለምሳሌ;0
ጫልቱ;0
ለምሳሌ;0
መለያ;0
VoIP;0
SMS;0
WiFiን;1
ሰዎች;3
ሰዎች;3
አስተዳዳሪዎች;3
መዝባሪዎች;3
መንግሥታት;1
ይዘቶች;2
ፖስቶች;3
ጎግል;0
ያሁ;0
ዝርዝር;0
ከኾነ;0
ይመልከቱ;2
ጉዳይ;0
ዓም;0
እንዲሰለል;2
ጥሪ;0
መልዕክቾች;3
ምልልሶች;3
አገልግሎቶች;3
አውታሮችን;1
ለምሳሌ;0
ጫልቱ;0
ለምሳሌ;0
መለያ;0
VoIP;0
SMS;0
WiFiን;1
ሰዎች;3
ሰዎች;3
አስተዳዳሪዎች;3
መዝባሪዎች;3
መንግሥታት;1
ይዘቶች;2
ፖስቶች;3
ጎግል;0
ያሁ;0
ዝርዝር;0
ከኾነ;0
ይመልከቱ;2
ጉዳይ;0
ዓም;0
እንዲሰለል;2
ጥሪ;0
መልዕክቾች;3
ምልልሶች;3
አገልግሎቶች;3
አውታሮችን;1
ለምሳሌ;0
ጫልቱ;0
ለምሳሌ;0
መለያ;0
VoIP;0
SMS;0
WiFiን;1
ሰዎች;3
ሰዎች;3
አስተዳዳሪዎች;3
መዝባሪዎች;3
መንግሥታት;1
ይዘቶች;2
ፖስቶች;3
ጎግል;0
ያሁ;0
ዝርዝር;0
ከኾነ;0
ይመልከቱ;2
ጉዳይ;0
ዓም;0
እንዲሰለል;2
ጥሪ;0
መልዕክቾች;3
ምልልሶች;3
አገልግሎቶች;3
አውታሮችን;1
ለምሳሌ;0
ጫልቱ;0
ለምሳሌ;0
መለያ;0
VoIP;0
SMS;0
WiFiን;1
ሰዎች;3
ሰዎች;3
አስተዳዳሪዎች;3
መዝባሪዎች;3
መንግሥታት;1
ይዘቶች;2
ፖስቶች;3
ጎግል;0
ያሁ;0
ዝርዝር;0
ከኾነ;0
ይመልከቱ;2
ጉዳይ;0
ዓም;0
እንዲሰለል;2
ጥሪ;0
መልዕክቾች;3
ምልልሶች;3
አገልግሎቶች;3
አውታሮችን;1
ለምሳሌ;0
ጫልቱ;0
ለምሳሌ;0
መለያ;0
VoIP;0
SMS;0
WiFiን;1
ሰዎች;3
ሰዎች;3
አስተዳዳሪዎች;3
መዝባሪዎች;3
መንግሥታት;1
ይዘቶች;2
ፖስቶች;3
ጎግል;0
ያሁ;0
ዝርዝር;0
ከኾነ;0
ይመልከቱ;2
ጉዳይ;0
ዓም;0
እንዲሰለል;2
ጥሪ;0
መልዕክቾች;3
ምልልሶች;3
አገልግሎቶች;3
አውታሮችን;1
ለምሳሌ;0
ጫልቱ;0
ለምሳሌ;0
መለያ;0
VoIP;0
SMS;0
WiFiን;1
ሰዎች;3
ሰዎች;3
አስተዳዳሪዎች;3
መዝባሪዎች;3
መንግሥታት;1
ይዘቶች;2
ፖስቶች;3
ጎግል;0
ያሁ;0
ዝርዝር;0
ከኾነ;0
ይመልከቱ;2
ጉዳይ;0
ዓም;0
እንዲሰለል;2
ጥሪ;0
መልዕክቾች;3
ምልልሶች;3
አገልግሎቶች;3
አውታሮችን;1
ለምሳሌ;0
ጫልቱ;0
ለምሳሌ;0
መለያ;0
VoIP;0
SMS;0
WiFiን;1
ሰዎች;3
ሰዎች;3
አስተዳዳሪዎች;3
መዝባሪዎች;3
መንግሥታት;1
ይዘቶች;2
ፖስቶች;3
ጎግል;0
ያሁ;0
ዝርዝር;0
ከኾነ;0
ይመልከቱ;2
ጉዳይ;0
ዓም;0
እንዲሰለል;2
ጥሪ;0
መልዕክቾች;3
ምልልሶች;3
አገልግሎቶች;3
አውታሮችን;1
ለምሳሌ;0
ጫልቱ;0
ለምሳሌ;0
መለያ;0
VoIP;0
SMS;0
WiFiን;1
ሰዎች;3
ሰዎች;3
አስተዳዳሪዎች;3
መዝባሪዎች;3
መንግሥታት;1
ይዘቶች;2
ፖስቶች;3
ጎግል;0
ያሁ;0
ዝርዝር;0
ከኾነ;0
ይመልከቱ;2
ጉዳይ;0
ዓም;0
እንዲሰለል;2
ጥሪ;0
መልዕክቾች;3
ምልልሶች;3
አገልግሎቶች;3
አውታሮችን;1
ለምሳሌ;0
ጫልቱ;0
ለምሳሌ;0
መለያ;0
VoIP;0
SMS;0
WiFiን;1
ሰዎች;3
ሰዎች;3
አስተዳዳሪዎች;3
መዝባሪዎች;3
መንግሥታት;1
ይዘቶች;2
ፖስቶች;3
ጎግል;0
ያሁ;0
ዝርዝር;0
ከኾነ;0
ይመልከቱ;2
ጉዳይ;0
ዓም;0
እንዲሰለል;2
ጥሪ;0
መልዕክቾች;3
ምልልሶች;3
አገልግሎቶች;3
አውታሮችን;1
ለምሳሌ;0
ጫልቱ;0
ለምሳሌ;0
መለያ;0
VoIP;0
SMS;0
WiFiን;1
ሰዎች;3
ሰዎች;3
አስተዳዳሪዎች;3
መዝባሪዎች;3
መንግሥታት;1
ይዘቶች;2
ፖስቶች;3
ጎግል;0
ያሁ;0
ዝርዝር;0
ከኾነ;0
ይመልከቱ;2
ጉዳይ;0
ዓም;0
እንዲሰለል;2
ጥሪ;0
መልዕክቾች;3
ምልልሶች;3
አገልግሎቶች;3
አውታሮችን;1
ለምሳሌ;0
ጫልቱ;0
ለምሳሌ;0
መለያ;0
VoIP;0
SMS;0
WiFiን;1
ሰዎች;3
ሰዎች;3
አስተዳዳሪዎች;3
መዝባሪዎች;3
መንግሥታት;1
ይዘቶች;2
ፖስቶች;3
ጎግል;0
ያሁ;0
ዝርዝር;0
ከኾነ;0
ይመልከቱ;2
ጉዳይ;0
ዓም;0
እንዲሰለል;2
ጥሪ;0
መልዕክቾች;3
ምልልሶች;3
አገልግሎቶች;3
አውታሮችን;1
ለምሳሌ;0
ጫልቱ;0
ለምሳሌ;0
መለያ;0
VoIP;0
SMS;0
WiFiን;1
ሰዎች;3
ሰዎች;3
አስተዳዳሪዎች;3
መዝባሪዎች;3
መንግሥታት;1
ይዘቶች;2
ፖስቶች;3
ጎግል;0
ያሁ;0
ዝርዝር;0
ከኾነ;0
ይመልከቱ;2
ጉዳይ;0
ዓም;0
እንዲሰለል;2
ጥሪ;0
መልዕክቾች;3
ምልልሶች;3
አገልግሎቶች;3
አውታሮችን;1
ለምሳሌ;0
ጫልቱ;0
ለምሳሌ;0
መለያ;0
VoIP;0
SMS;0
WiFiን;1
ሰዎች;3
ሰዎች;3
አስተዳዳሪዎች;3
መዝባሪዎች;3
መንግሥታት;1
ይዘቶች;2
ፖስቶች;3
ጎግል;0
ያሁ;0
ዝርዝር;0
ከኾነ;0
ይመልከቱ;2
ጉዳይ;0
ዓም;0
እንዲሰለል;2
ጥሪ;0
መልዕክቾች;3
ምልልሶች;3
አገልግሎቶች;3
አውታሮችን;1
ለምሳሌ;0
ጫልቱ;0
ለምሳሌ;0
መለያ;0
VoIP;0
SMS;0
WiFiን;1
ሰዎች;3
ሰዎች;3
አስተዳዳሪዎች;3
መዝባሪዎች;3
መንግሥታት;1
ይዘቶች;2
ፖስቶች;3
ጎግል;0
ያሁ;0
ዝርዝር;0
ከኾነ;0
ይመልከቱ;2
ጉዳይ;0
ዓም;0
እንዲሰለል;2
ጥሪ;0
መልዕክቾች;3
ምልልሶች;3
አገልግሎቶች;3
አውታሮችን;1
ለምሳሌ;0
ጫልቱ;0
ለምሳሌ;0
መለያ;0
VoIP;0
SMS;0
WiFiን;1
ሰዎች;3
ሰዎች;3
አስተዳዳሪዎች;3
መዝባሪዎች;3
መንግሥታት;1
ይዘቶች;2
ፖስቶች;3
ጎግል;0
ያሁ;0
ዝርዝር;0
ከኾነ;0
ይመልከቱ;2
ጉዳይ;0
ዓም;0
እንዲሰለል;2
ጥሪ;0
መልዕክቾች;3
ምልልሶች;3
አገልግሎቶች;3
አውታሮችን;1
ለምሳሌ;0
ጫልቱ;0
ለምሳሌ;0
መለያ;0
VoIP;0
SMS;0
WiFiን;1
ሰዎች;3
ሰዎች;3
አስተዳዳሪዎች;3
መዝባሪዎች;3
መንግሥታት;1
ይዘቶች;2
ፖስቶች;3
ጎግል;0
ያሁ;0
ዝርዝር;0
ከኾነ;0
ይመልከቱ;2
ጉዳይ;0
ዓም;0
እንዲሰለል;2
ጥሪ;0
መልዕክቾች;3
ምልልሶች;3
አገልግሎቶች;3
አውታሮችን;1
ለምሳሌ;0
ጫልቱ;0
ለምሳሌ;0
መለያ;0
VoIP;0
SMS;0
WiFiን;1
ሰዎች;3
ሰዎች;3
አስተዳዳሪዎች;3
መዝባሪዎች;3
መንግሥታት;1
ይዘቶች;2
ፖስቶች;3
ጎግል;0
ያሁ;0
ዝርዝር;0
ከኾነ;0
ይመልከቱ;2
ጉዳይ;0
ዓም;0
እንዲሰለል;2
ጥሪ;0
መልዕክቾች;3
ምልልሶች;3
አገልግሎቶች;3
አውታሮችን;1
ለምሳሌ;0
ጫልቱ;0
ለምሳሌ;0
መለያ;0
VoIP;0
SMS;0
WiFiን;1
ሰዎች;3
ሰዎች;3
አስተዳዳሪዎች;3
መዝባሪዎች;3
መንግሥታት;1
ይዘቶች;2
ፖስቶች;3
ጎግል;0
ያሁ;0
ዝርዝር;0
ከኾነ;0
ይመልከቱ;2
ጉዳይ;0
ዓም;0
እንዲሰለል;2
ጥሪ;0
መልዕክቾች;3
ምልልሶች;3
አገልግሎቶች;3
አውታሮችን;1
ለምሳሌ;0
ጫልቱ;0
ለምሳሌ;0
መለያ;0
VoIP;0
SMS;0
WiFiን;1
ሰዎች;3
ሰዎች;3
አስተዳዳሪዎች;3
መዝባሪዎች;3
መንግሥታት;1
ይዘቶች;2
ፖስቶች;3
ጎግል;0
ያሁ;0
ዝርዝር;0
ከኾነ;0
ይመልከቱ;2
ጉዳይ;0
ዓም;0
እንዲሰለል;2
ጥሪ;0
መልዕክቾች;3
ምልልሶች;3
አገልግሎቶች;3
አውታሮችን;1
ለምሳሌ;0
ጫልቱ;0
ለምሳሌ;0
መለያ;0
VoIP;0
SMS;0
WiFiን;1
ሰዎች;3
ሰዎች;3
አስተዳዳሪዎች;3
መዝባሪዎች;3
መንግሥታት;1
ይዘቶች;2
ፖስቶች;3
ጎግል;0
ያሁ;0
ዝርዝር;0
ከኾነ;0
ይመልከቱ;2
ጉዳይ;0
ዓም;0
እንዲሰለል;2
ጥሪ;0
መልዕክቾች;3
ምልልሶች;3
አገልግሎቶች;3
አውታሮችን;1
ለምሳሌ;0
ጫልቱ;0
ለምሳሌ;0
መለያ;0
VoIP;0
SMS;0
WiFiን;1
ሰዎች;3
ሰዎች;3
አስተዳዳሪዎች;3
መዝባሪዎች;3
መንግሥታት;1
ይዘቶች;2
ፖስቶች;3
ጎግል;0
ያሁ;0
ዝርዝር;0
ከኾነ;0
ይመልከቱ;2
ጉዳይ;0
ዓም;0
እንዲሰለል;2
ጥሪ;0
መልዕክቾች;3
ምልልሶች;3
አገልግሎቶች;3
አውታሮችን;1
ለምሳሌ;0
ጫልቱ;0
ለምሳሌ;0
መለያ;0
VoIP;0
SMS;0
WiFiን;1
ሰዎች;3
ሰዎች;3
አስተዳዳሪዎች;3
መዝባሪዎች;3
መንግሥታት;1
ይዘቶች;2
ፖስቶች;3
ጎግል;0
ያሁ;0
ዝርዝር;0
ከኾነ;0
ይመልከቱ;2
ጉዳይ;0
ዓም;0
እንዲሰለል;2
ጥሪ;0
መልዕክቾች;3
ምልልሶች;3
አገልግሎቶች;3
አውታሮችን;1
ለምሳሌ;0
ጫልቱ;0
ለምሳሌ;0
መለያ;0
VoIP;0
SMS;0
WiFiን;1
ሰዎች;3
ሰዎች;3
አስተዳዳሪዎች;3
መዝባሪዎች;3
መንግሥታት;1
ይዘቶች;2
ፖስቶች;3
ጎግል;0
ያሁ;0
ዝርዝር;0
ከኾነ;0
ይመልከቱ;2
ጉዳይ;0
ዓም;0
እንዲሰለል;2
ጥሪ;0
መልዕክቾች;3
ምልልሶች;3
አገልግሎቶች;3
አውታሮችን;1
ለምሳሌ;0
ጫልቱ;0
ለምሳሌ;0
መለያ;0
VoIP;0
SMS;0
WiFiን;1
ሰዎች;3
ሰዎች;3
አስተዳዳሪዎች;3
መዝባሪዎች;3
መንግሥታት;1
ይዘቶች;2
ፖስቶች;3
ጎግል;0
ያሁ;0
ዝርዝር;0
ከኾነ;0
ይመልከቱ;2
ጉዳይ;0
ዓም;0
እንዲሰለል;2
ጥሪ;0
መልዕክቾች;3
ምልልሶች;3
አገልግሎቶች;3
አውታሮችን;1
ለምሳሌ;0
ጫልቱ;0
ለምሳሌ;0
መለያ;0
VoIP;0
SMS;0
WiFiን;1
ሰዎች;3
ሰዎች;3
አስተዳዳሪዎች;3
መዝባሪዎች;3
መንግሥታት;1
ይዘቶች;2
ፖስቶች;3
ጎግል;0
ያሁ;0
ዝርዝር;0
ከኾነ;0
ይመልከቱ;2
ጉዳይ;0
ዓም;0
እንዲሰለል;2
ጥሪ;0
መልዕክቾች;3
ምልልሶች;3
አገልግሎቶች;3
አውታሮችን;1
ለምሳሌ;0
ጫልቱ;0
ለምሳሌ;0
መለያ;0
VoIP;0
SMS;0
WiFiን;1
ሰዎች;3
ሰዎች;3
አስተዳዳሪዎች;3
መዝባሪዎች;3
መንግሥታት;1
ይዘቶች;2
ፖስቶች;3
ጎግል;0
ያሁ;0
ዝርዝር;0
ከኾነ;0
ይመልከቱ;2
ጉዳይ;0
ዓም;0
እንዲሰለል;2
ጥሪ;0
መልዕክቾች;3
ምልልሶች;3
አገልግሎቶች;3
አውታሮችን;1
ለምሳሌ;0
ጫልቱ;0
ለምሳሌ;0
መለያ;0
VoIP;0
SMS;0
WiFiን;1
ሰዎች;3
ሰዎች;3
አስተዳዳሪዎች;3
መዝባሪዎች;3
መንግሥታት;1
ይዘቶች;2
ፖስቶች;3
ጎግል;0
ያሁ;0
ዝርዝር;0
ከኾነ;0
ይመልከቱ;2
ጉዳይ;0
ዓም;0
እንዲሰለል;2
ጥሪ;0
መልዕክቾች;3
ምልልሶች;3
አገልግሎቶች;3
አውታሮችን;1
ለምሳሌ;0
ጫልቱ;0
ለምሳሌ;0
መለያ;0
VoIP;0
SMS;0
WiFiን;1
ሰዎች;3
ሰዎች;3
አስተዳዳሪዎች;3
መዝባሪዎች;3
መንግሥታት;1
ይዘቶች;2
ፖስቶች;3
ጎግል;0
ያሁ;0
ዝርዝር;0
ከኾነ;0
ይመልከቱ;2
ጉዳይ;0
ዓም;0
እንዲሰለል;2
ጥሪ;0
መልዕክቾች;3
ምልልሶች;3
አገልግሎቶች;3
አውታሮችን;1
ለምሳሌ;0
ጫልቱ;0
ለምሳሌ;0
መለያ;0
VoIP;0
SMS;0
WiFiን;1
ሰዎች;3
ሰዎች;3
አስተዳዳሪዎች;3
መዝባሪዎች;3
መንግሥታት;1
ይዘቶች;2
ፖስቶች;3
ጎግል;0
ያሁ;0
ዝርዝር;0
ከኾነ;0
ይመልከቱ;2
ጉዳይ;0
ዓም;0
እንዲሰለል;2
ጥሪ;0
መልዕክቾች;3
ምልልሶች;3
አገልግሎቶች;3
አውታሮችን;1
ለምሳሌ;0
ጫልቱ;0
ለምሳሌ;0
መለያ;0
VoIP;0
SMS;0
WiFiን;1
ሰዎች;3
ሰዎች;3
አስተዳዳሪዎች;3
መዝባሪዎች;3
መንግሥታት;1
ይዘቶች;2
ፖስቶች;3
ጎግል;0
ያሁ;0
ዝርዝር;0
ከኾነ;0
ይመልከቱ;2
ጉዳይ;0
ዓም;0
እንዲሰለል;2
ጥሪ;0
መልዕክቾች;3
ምልልሶች;3
አገልግሎቶች;3
አውታሮችን;1
ለምሳሌ;0
ጫልቱ;0
ለምሳሌ;0
መለያ;0
VoIP;0
SMS;0
WiFiን;1
ሰዎች;3
ሰዎች;3
አስተዳዳሪዎች;3
መዝባሪዎች;3
መንግሥታት;1
ይዘቶች;2
ፖስቶች;3
ጎግል;0
ያሁ;0
ዝርዝር;0
ከኾነ;0
ይመልከቱ;2
ጉዳይ;0
ዓም;0
እንዲሰለል;2
ጥሪ;0
መልዕክቾች;3
ምልልሶች;3
አገልግሎቶች;3
አውታሮችን;1
ለምሳሌ;0
ጫልቱ;0
ለምሳሌ;0
መለያ;0
VoIP;0
SMS;0
WiFiን;1
ሰዎች;3
ሰዎች;3
አስተዳዳሪዎች;3
መዝባሪዎች;3
መንግሥታት;1
ይዘቶች;2
ፖስቶች;3
ጎግል;0
ያሁ;0
ዝርዝር;0
ከኾነ;0
ይመልከቱ;2
ጉዳይ;0
ዓም;0
እንዲሰለል;2
ጥሪ;0
መልዕክቾች;3
ምልልሶች;3
አገልግሎቶች;3
አውታሮችን;1
ለምሳሌ;0
ጫልቱ;0
ለምሳሌ;0
መለያ;0
VoIP;0
SMS;0
WiFiን;1
ሰዎች;3
ሰዎች;3
አስተዳዳሪዎች;3
መዝባሪዎች;3
መንግሥታት;1
ይዘቶች;2
ፖስቶች;3
ጎግል;0
ያሁ;0
ዝርዝር;0
ከኾነ;0
ይመልከቱ;2
ጉዳይ;0
ዓም;0
እንዲሰለል;2
ጥሪ;0
መልዕክቾች;3
ምልልሶች;3
አገልግሎቶች;3
አውታሮችን;1
ለምሳሌ;0
ጫልቱ;0
ለምሳሌ;0
መለያ;0
VoIP;0
SMS;0
WiFiን;1
ሰዎች;3
ሰዎች;3
አስተዳዳሪዎች;3
መዝባሪዎች;3
መንግሥታት;1
ይዘቶች;2
ፖስቶች;3
ጎግል;0
ያሁ;0
ዝርዝር;0
ከኾነ;0
ይመልከቱ;2
ጉዳይ;0
ዓም;0
እንዲሰለል;2
ጥሪ;0
መልዕክቾች;3
ምልልሶች;3
አገልግሎቶች;3
አውታሮችን;1
ለምሳሌ;0
ጫልቱ;0
ለምሳሌ;0
መለያ;0
VoIP;0
SMS;0
WiFiን;1
ሰዎች;3
ሰዎች;3
አስተዳዳሪዎች;3
መዝባሪዎች;3
መንግሥታት;1
ይዘቶች;2
ፖስቶች;3
ጎግል;0
ያሁ;0
ዝርዝር;0
ከኾነ;0
ይመልከቱ;2
ጉዳይ;0
ዓም;0
እንዲሰለል;2
ጥሪ;0
መልዕክቾች;3
ምልልሶች;3
አገልግሎቶች;3
አውታሮችን;1
ለምሳሌ;0
ጫልቱ;0
ለምሳሌ;0
መለያ;0
VoIP;0
SMS;0
WiFiን;1
ሰዎች;3
ሰዎች;3
አስተዳዳሪዎች;3
መዝባሪዎች;3
መንግሥታት;1
ይዘቶች;2
ፖስቶች;3
ጎግል;0
ያሁ;0
ዝርዝር;0
ከኾነ;0
ይመልከቱ;2
ጉዳይ;0
ዓም;0
እንዲሰለል;2
ጥሪ;0
መልዕክቾች;3
ምልልሶች;3
አገልግሎቶች;3
አውታሮችን;1
ለምሳሌ;0
ጫልቱ;0
ለምሳሌ;0
መለያ;0
VoIP;0
SMS;0
WiFiን;1
ሰዎች;3
ሰዎች;3
አስተዳዳሪዎች;3
መዝባሪዎች;3
መንግሥታት;1
ይዘቶች;2
ፖስቶች;3
ጎግል;0
ያሁ;0
ዝርዝር;0
ከኾነ;0
ይመልከቱ;2
ጉዳይ;0
ዓም;0
እንዲሰለል;2
ጥሪ;0
መልዕክቾች;3
ምልልሶች;3
አገልግሎቶች;3
አውታሮችን;1
ለምሳሌ;0
ጫልቱ;0
ለምሳሌ;0
መለያ;0
VoIP;0
SMS;0
WiFiን;1
ሰዎች;3
ሰዎች;3
አስተዳዳሪዎች;3
መዝባሪዎች;3
መንግሥታት;1
ይዘቶች;2
ፖስቶች;3
ጎግል;0
ያሁ;0
ዝርዝር;0
ከኾነ;0
ይመልከቱ;2
ጉዳይ;0
ዓም;0
እንዲሰለል;2
ጥሪ;0
መልዕክቾች;3
ምልልሶች;3
አገልግሎቶች;3
አውታሮችን;1
ለምሳሌ;0
ጫልቱ;0
ለምሳሌ;0
መለያ;0
VoIP;0
SMS;0
WiFiን;1
ሰዎች;3
ሰዎች;3
አስተዳዳሪዎች;3
መዝባሪዎች;3
መንግሥታት;1
ይዘቶች;2
ፖስቶች;3
ጎግል;0
ያሁ;0
ዝርዝር;0
ከኾነ;0
ይመልከቱ;2
ጉዳይ;0
ዓም;0
እንዲሰለል;2
ጥሪ;0
መልዕክቾች;3
ምልልሶች;3
አገልግሎቶች;3
አውታሮችን;1
ለምሳሌ;0
ጫልቱ;0
ለምሳሌ;0
መለያ;0
VoIP;0
SMS;0
WiFiን;1
ሰዎች;3
ሰዎች;3
አስተዳዳሪዎች;3
መዝባሪዎች;3
መንግሥታት;1
ይዘቶች;2
ፖስቶች;3
ጎግል;0
ያሁ;0
ዝርዝር;0
ከኾነ;0
ይመልከቱ;2
ጉዳይ;0
ዓም;0
እንዲሰለል;2
ጥሪ;0
መልዕክቾች;3
ምልልሶች;3
አገልግሎቶች;3
አውታሮችን;1
ለምሳሌ;0
ጫልቱ;0
ለምሳሌ;0
መለያ;0
VoIP;0
SMS;0
WiFiን;1
ሰዎች;3
ሰዎች;3
አስተዳዳሪዎች;3
መዝባሪዎች;3
መንግሥታት;1
ይዘቶች;2
ፖስቶች;3
ጎግል;0
ያሁ;0
ዝርዝር;0
ከኾነ;0
ይመልከቱ;2
ጉዳይ;0
ዓም;0
እንዲሰለል;2
ጥሪ;0
መልዕክቾች;3
ምልልሶች;3
አገልግሎቶች;3
አውታሮችን;1
ለምሳሌ;0
ጫልቱ;0
ለምሳሌ;0
መለያ;0
VoIP;0
SMS;0
WiFiን;1
ሰዎች;3
ሰዎች;3
አስተዳዳሪዎች;3
መዝባሪዎች;3
መንግሥታት;1
ይዘቶች;2
ፖስቶች;3
ጎግል;0
ያሁ;0
ዝርዝር;0
ከኾነ;0
ይመልከቱ;2
ጉዳይ;0
ዓም;0
እንዲሰለል;2
ጥሪ;0
መልዕክቾች;3
ምልልሶች;3
አገልግሎቶች;3
አውታሮችን;1
ለምሳሌ;0
ጫልቱ;0
ለምሳሌ;0
መለያ;0
VoIP;0
SMS;0
WiFiን;1
ሰዎች;3
ሰዎች;3
አስተዳዳሪዎች;3
መዝባሪዎች;3
መንግሥታት;1
ይዘቶች;2
ፖስቶች;3
ጎግል;0
ያሁ;0
ዝርዝር;0
ከኾነ;0
ይመልከቱ;2
ጉዳይ;0
ዓም;0
እንዲሰለል;2
ጥሪ;0
መልዕክቾች;3
ምልልሶች;3
አገልግሎቶች;3
አውታሮችን;1
ለምሳሌ;0
ጫልቱ;0
ለምሳሌ;0
መለያ;0
VoIP;0
SMS;0
WiFiን;1
ሰዎች;3
ሰዎች;3
አስተዳዳሪዎች;3
መዝባሪዎች;3
መንግሥታት;1
ይዘቶች;2
ፖስቶች;3
ጎግል;0
ያሁ;0
ዝርዝር;0
ከኾነ;0
ይመልከቱ;2
ጉዳይ;0
ዓም;0
እንዲሰለል;2
ጥሪ;0
መልዕክቾች;3
ምልልሶች;3
አገልግሎቶች;3
አውታሮችን;1
ለምሳሌ;0
ጫልቱ;0
ለምሳሌ;0
መለያ;0
VoIP;0
SMS;0
WiFiን;1
ሰዎች;3
ሰዎች;3
አስተዳዳሪዎች;3
መዝባሪዎች;3
መንግሥታት;1
ይዘቶች;2
ፖስቶች;3
ጎግል;0
ያሁ;0
ዝርዝር;0
ከኾነ;0
ይመልከቱ;2
ጉዳይ;0
ዓም;0
እንዲሰለል;2
ጥሪ;0
መልዕክቾች;3
ምልልሶች;3
አገልግሎቶች;3
አውታሮችን;1
ለምሳሌ;0
ጫልቱ;0
ለምሳሌ;0
መለያ;0
VoIP;0
SMS;0
WiFiን;1
ሰዎች;3
ሰዎች;3
አስተዳዳሪዎች;3
መዝባሪዎች;3
መንግሥታት;1
ይዘቶች;2
ፖስቶች;3
ጎግል;0
ያሁ;0
ዝርዝር;0
ከኾነ;0
ይመልከቱ;2
ጉዳይ;0
ዓም;0
እንዲሰለል;2
ጥሪ;0
መልዕክቾች;3
ምልልሶች;3
አገልግሎቶች;3
አውታሮችን;1
ለምሳሌ;0
ጫልቱ;0
ለምሳሌ;0
መለያ;0
VoIP;0
SMS;0
WiFiን;1
ሰዎች;3
ሰዎች;3
አስተዳዳሪዎች;3
መዝባሪዎች;3
መንግሥታት;1
ይዘቶች;2
ፖስቶች;3
ጎግል;0
ያሁ;0
ዝርዝር;0
ከኾነ;0
ይመልከቱ;2
ጉዳይ;0
ዓም;0
እንዲሰለል;2
ጥሪ;0
መልዕክቾች;3
ምልልሶች;3
አገልግሎቶች;3
አውታሮችን;1
ለምሳሌ;0
ጫልቱ;0
ለምሳሌ;0
መለያ;0
VoIP;0
SMS;0
WiFiን;1
ሰዎች;3
ሰዎች;3
አስተዳዳሪዎች;3
መዝባሪዎች;3
መንግሥታት;1
ይዘቶች;2
ፖስቶች;3
ጎግል;0
ያሁ;0
ዝርዝር;0
ከኾነ;0
ይመልከቱ;2
ጉዳይ;0
ዓም;0
እንዲሰለል;2
ጥሪ;0
መልዕክቾች;3
ምልልሶች;3
አገልግሎቶች;3
አውታሮችን;1
ለምሳሌ;0
ጫልቱ;0
ለምሳሌ;0
መለያ;0
VoIP;0
SMS;0
WiFiን;1
ሰዎች;3
ሰዎች;3
አስተዳዳሪዎች;3
መዝባሪዎች;3
መንግሥታት;1
ይዘቶች;2
ፖስቶች;3
ጎግል;0
ያሁ;0
ዝርዝር;0
ከኾነ;0
ይመልከቱ;2
ጉዳይ;0
ዓም;0
እንዲሰለል;2
ጥሪ;0
መልዕክቾች;3
ምልልሶች;3
አገልግሎቶች;3
አውታሮችን;1
ለምሳሌ;0
ጫልቱ;0
ለምሳሌ;0
መለያ;0
VoIP;0
SMS;0
WiFiን;1
ሰዎች;3
ሰዎች;3
አስተዳዳሪዎች;3
መዝባሪዎች;3
መንግሥታት;1
ይዘቶች;2
ፖስቶች;3
ጎግል;0
ያሁ;0
ዝርዝር;0
ከኾነ;0
ይመልከቱ;2
ጉዳይ;0
ዓም;0
እንዲሰለል;2
ጥሪ;0
መልዕክቾች;3
ምልልሶች;3
አገልግሎቶች;3
አውታሮችን;1
ለምሳሌ;0
ጫልቱ;0
ለምሳሌ;0
መለያ;0
VoIP;0
SMS;0
WiFiን;1
ሰዎች;3
ሰዎች;3
አስተዳዳሪዎች;3
መዝባሪዎች;3
መንግሥታት;1
ይዘቶች;2
ፖስቶች;3
ጎግል;0
ያሁ;0
ዝርዝር;0
ከኾነ;0
ይመልከቱ;2
ጉዳይ;0
ዓም;0
እንዲሰለል;2
ጥሪ;0
መልዕክቾች;3
ምልልሶች;3
አገልግሎቶች;3
አውታሮችን;1
ለምሳሌ;0
ጫልቱ;0
ለምሳሌ;0
መለያ;0
VoIP;0
SMS;0
WiFiን;1
ሰዎች;3
ሰዎች;3
አስተዳዳሪዎች;3
መዝባሪዎች;3
መንግሥታት;1
ይዘቶች;2
ፖስቶች;3
ጎግል;0
ያሁ;0
ዝርዝር;0
ከኾነ;0
ይመልከቱ;2
ጉዳይ;0
ዓም;0
እንዲሰለል;2
ጥሪ;0
መልዕክቾች;3
ምልልሶች;3
አገልግሎቶች;3
አውታሮችን;1
ለምሳሌ;0
ጫልቱ;0
ለምሳሌ;0
መለያ;0
VoIP;0
SMS;0
WiFiን;1
ሰዎች;3
ሰዎች;3
አስተዳዳሪዎች;3
መዝባሪዎች;3
መንግሥታት;1
ይዘቶች;2
ፖስቶች;3
ጎግል;0
ያሁ;0
ዝርዝር;0
ከኾነ;0
ይመልከቱ;2
ጉዳይ;0
ዓም;0
እንዲሰለል;2
ጥሪ;0
መልዕክቾች;3
ምልልሶች;3
አገልግሎቶች;3
አውታሮችን;1
ለምሳሌ;0
ጫልቱ;0
ለምሳሌ;0
መለያ;0
VoIP;0
SMS;0
WiFiን;1
ሰዎች;3
ሰዎች;3
አስተዳዳሪዎች;3
መዝባሪዎች;3
መንግሥታት;1
ይዘቶች;2
ፖስቶች;3
ጎግል;0
ያሁ;0
ዝርዝር;0
ከኾነ;0
ይመልከቱ;2
ጉዳይ;0
ዓም;0
እንዲሰለል;2
ጥሪ;0
መልዕክቾች;3
ምልልሶች;3
አገልግሎቶች;3
አውታሮችን;1
ለምሳሌ;0
ጫልቱ;0
ለምሳሌ;0
መለያ;0
VoIP;0
SMS;0
WiFiን;1
ሰዎች;3
ሰዎች;3
አስተዳዳሪዎች;3
መዝባሪዎች;3
መንግሥታት;1
ይዘቶች;2
ፖስቶች;3
ጎግል;0
ያሁ;0
ዝርዝር;0
ከኾነ;0
ይመልከቱ;2
ጉዳይ;0
ዓም;0
እንዲሰለል;2
ጥሪ;0
መልዕክቾች;3
ምልልሶች;3
አገልግሎቶች;3
አውታሮችን;1
ለምሳሌ;0
ጫልቱ;0
ለምሳሌ;0
መለያ;0
VoIP;0
SMS;0
WiFiን;1
ሰዎች;3
ሰዎች;3
አስተዳዳሪዎች;3
መዝባሪዎች;3
መንግሥታት;1
ይዘቶች;2
ፖስቶች;3
ጎግል;0
ያሁ;0
ዝርዝር;0
ከኾነ;0
ይመልከቱ;2
ጉዳይ;0
ዓም;0
እንዲሰለል;2
ጥሪ;0
መልዕክቾች;3
ምልልሶች;3
አገልግሎቶች;3
አውታሮችን;1
ለምሳሌ;0
ጫልቱ;0
ለምሳሌ;0
መለያ;0
VoIP;0
SMS;0
WiFiን;1
ሰዎች;3
ሰዎች;3
አስተዳዳሪዎች;3
መዝባሪዎች;3
መንግሥታት;1
ይዘቶች;2
ፖስቶች;3
ጎግል;0
ያሁ;0
ዝርዝር;0
ከኾነ;0
ይመልከቱ;2
ጉዳይ;0
ዓም;0
እንዲሰለል;2
ጥሪ;0
መልዕክቾች;3
ምልልሶች;3
አገልግሎቶች;3
አውታሮችን;1
ለምሳሌ;0
ጫልቱ;0
ለምሳሌ;0
መለያ;0
VoIP;0
SMS;0
WiFiን;1
ሰዎች;3
ሰዎች;3
አስተዳዳሪዎች;3
መዝባሪዎች;3
መንግሥታት;1
ይዘቶች;2
ፖስቶች;3
ጎግል;0
ያሁ;0
ዝርዝር;0
ከኾነ;0
ይመልከቱ;2
ጉዳይ;0
ዓም;0
እንዲሰለል;2
ጥሪ;0
መልዕክቾች;3
ምልልሶች;3
አገልግሎቶች;3
አውታሮችን;1
ለምሳሌ;0
ጫልቱ;0
ለምሳሌ;0
መለያ;0
VoIP;0
SMS;0
WiFiን;1
ሰዎች;3
ሰዎች;3
አስተዳዳሪዎች;3
መዝባሪዎች;3
መንግሥታት;1
ይዘቶች;2
ፖስቶች;3
ጎግል;0
ያሁ;0
ዝርዝር;0
ከኾነ;0
ይመልከቱ;2
ጉዳይ;0
ዓም;0
እንዲሰለል;2
ጥሪ;0
መልዕክቾች;3
ምልልሶች;3
አገልግሎቶች;3
አውታሮችን;1
ለምሳሌ;0
ጫልቱ;0
ለምሳሌ;0
መለያ;0
VoIP;0
SMS;0
WiFiን;1
ሰዎች;3
ሰዎች;3
አስተዳዳሪዎች;3
መዝባሪዎች;3
መንግሥታት;1
ይዘቶች;2
ፖስቶች;3
ጎግል;0
ያሁ;0
ዝርዝር;0
ከኾነ;0
ይመልከቱ;2
ጉዳይ;0
ዓም;0
እንዲሰለል;2
ጥሪ;0
መልዕክቾች;3
ምልልሶች;3
አገልግሎቶች;3
አውታሮችን;1
ለምሳሌ;0
ጫልቱ;0
ለምሳሌ;0
መለያ;0
VoIP;0
SMS;0
WiFiን;1
ሰዎች;3
ሰዎች;3
አስተዳዳሪዎች;3
መዝባሪዎች;3
መንግሥታት;1
ይዘቶች;2
ፖስቶች;3
ጎግል;0
ያሁ;0
ዝርዝር;0
ከኾነ;0
ይመልከቱ;2
ጉዳይ;0
ዓም;0
እንዲሰለል;2
ጥሪ;0
መልዕክቾች;3
ምልልሶች;3
አገልግሎቶች;3
አውታሮችን;1
ለምሳሌ;0
ጫልቱ;0
ለምሳሌ;0
መለያ;0
VoIP;0
SMS;0
WiFiን;1
ሰዎች;3
ሰዎች;3
አስተዳዳሪዎች;3
መዝባሪዎች;3
መንግሥታት;1
ይዘቶች;2
ፖስቶች;3
ጎግል;0
ያሁ;0
ዝርዝር;0
ከኾነ;0
ይመልከቱ;2
ጉዳይ;0
ዓም;0
እንዲሰለል;2
ጥሪ;0
መልዕክቾች;3
ምልልሶች;3
አገልግሎቶች;3
አውታሮችን;1
ለምሳሌ;0
ጫልቱ;0
ለምሳሌ;0
መለያ;0
VoIP;0
SMS;0
WiFiን;1
ሰዎች;3
ሰዎች;3
አስተዳዳሪዎች;3
መዝባሪዎች;3
መንግሥታት;1
ይዘቶች;2
ፖስቶች;3
ጎግል;0
ያሁ;0
ዝርዝር;0
ከኾነ;0
ይመልከቱ;2
ጉዳይ;0
ዓም;0
እንዲሰለል;2
ጥሪ;0
መልዕክቾች;3
ምልልሶች;3
አገልግሎቶች;3
አውታሮችን;1
ለምሳሌ;0
ጫልቱ;0
ለምሳሌ;0
መለያ;0
VoIP;0
SMS;0
WiFiን;1
ሰዎች;3
ሰዎች;3
አስተዳዳሪዎች;3
መዝባሪዎች;3
መንግሥታት;1
ይዘቶች;2
ፖስቶች;3
ጎግል;0
ያሁ;0
ዝርዝር;0
ከኾነ;0
ይመልከቱ;2
ጉዳይ;0
ዓም;0
ከጓደኛዎ;0
ተኽላይ;0
እያወሩ;2
እንበል;2
እየተነጋገሩ;2
ያሉት;1
ከሱ;0
እንደኾነ;0
ለማጣራት;0
ለመጀመሪያ;0
የተገናኙት;1
ከተማ;0
እንዲነግርዎት;1
ይጠይቁታል;2
ጅማ;0
ይመልስልዎታል;2
ትክክል;3
አለመታደል;1
ሁለታችሁ;2
ሳታስተውሉት;1
ግንኙነታችሁን;1
ጠልፎ;0
ይሰማል;2
ከተኽላይ;0
በመስመር;0
ሲገናኙ;0
ሳይኾን;1
ማንንቱ;0
ከማይታወቅ;0
እሱ;0
ደግሞ;0
ከጓደኛዎት;1
ያገናኞታል;2
ያቀረብኩት;1
ለተኽላይ;0
ብልው;0
ሲያስቡ;0
በእርግጥ;0
የጠቁት;1
በመሃከል;0
ለገባው;0
ግለሰቡም;1
ጥያቄዎትን;1
ተቀብሎ;0
ለጓደኛዎ;0
ያስተላልፋል;2
መልሱንም;1
ይሰጣል;2
እንኳ;0
እንደሚገናኙ;2
ቢያስቡም;1
እየተገናኙ;2
ከሰላዩ;0
በተመሳሳይ;0
ተኽላይም;0
እንዲሁ;2
ያስባል;2
የእርስዎን;1
ፈለገ;0
ከመሰለሉም;1
በግንኙነትዎ;0
መካከልም;1
አሳሳች;3
መልዕክቶችን;1
ሊያስገባ;0
ተኮር;0
የኢንትርኔት;1
ሶፍትዌሮች;3
ሁሉንም;1
ካላቸው;0
ከሰርጎ;0
ገብ;0
ጥቃቶች;3
መከላከል;1
እንዲሰለል;2
ጥሪ;0
መልዕክቾች;3
ምልልሶች;3
አገልግሎቶች;3
አውታሮችን;1
ለምሳሌ;0
ጫልቱ;0
ለምሳሌ;0
መለያ;0
VoIP;0
SMS;0
WiFiን;1
ሰዎች;3
ሰዎች;3
አስተዳዳሪዎች;3
መዝባሪዎች;3
መንግሥታት;1
ይዘቶች;2
ፖስቶች;3
ጎግል;0
ያሁ;0
ዝርዝር;0
ከኾነ;0
ይመልከቱ;2
ጉዳይ;0
ዓም;0
እንዲሰለል;2
ጥሪ;0
መልዕክቾች;3
ምልልሶች;3
አገልግሎቶች;3
አውታሮችን;1
ለምሳሌ;0
ጫልቱ;0
ለምሳሌ;0
መለያ;0
VoIP;0
SMS;0
WiFiን;1
ሰዎች;3
ሰዎች;3
አስተዳዳሪዎች;3
መዝባሪዎች;3
መንግሥታት;1
ይዘቶች;2
ፖስቶች;3
ጎግል;0
ያሁ;0
ዝርዝር;0
ከኾነ;0
ይመልከቱ;2
ጉዳይ;0
ዓም;0
እንዲሰለል;2
ጥሪ;0
መልዕክቾች;3
ምልልሶች;3
አገልግሎቶች;3
አውታሮችን;1
ለምሳሌ;0
ጫልቱ;0
ለምሳሌ;0
መለያ;0
VoIP;0
SMS;0
WiFiን;1
ሰዎች;3
ሰዎች;3
አስተዳዳሪዎች;3
መዝባሪዎች;3
መንግሥታት;1
ይዘቶች;2
ፖስቶች;3
ጎግል;0
ያሁ;0
ዝርዝር;0
ከኾነ;0
ይመልከቱ;2
ጉዳይ;0
ዓም;0
እንዲሰለል;2
ጥሪ;0
መልዕክቾች;3
ምልልሶች;3
አገልግሎቶች;3
አውታሮችን;1
ለምሳሌ;0
ጫልቱ;0
ለምሳሌ;0
መለያ;0
VoIP;0
SMS;0
WiFiን;1
ሰዎች;3
ሰዎች;3
አስተዳዳሪዎች;3
መዝባሪዎች;3
መንግሥታት;1
ይዘቶች;2
ፖስቶች;3
ጎግል;0
ያሁ;0
ዝርዝር;0
ከኾነ;0
ይመልከቱ;2
ጉዳይ;0
ዓም;0
እንዲሰለል;2
ጥሪ;0
መልዕክቾች;3
ምልልሶች;3
አገልግሎቶች;3
አውታሮችን;1
ለምሳሌ;0
ጫልቱ;0
ለምሳሌ;0
መለያ;0
VoIP;0
SMS;0
WiFiን;1
ሰዎች;3
ሰዎች;3
አስተዳዳሪዎች;3
መዝባሪዎች;3
መንግሥታት;1
ይዘቶች;2
ፖስቶች;3
ጎግል;0
ያሁ;0
ዝርዝር;0
ከኾነ;0
ይመልከቱ;2
ጉዳይ;0
ዓም;0
እንዲሰለል;2
ጥሪ;0
መልዕክቾች;3
ምልልሶች;3
አገልግሎቶች;3
አውታሮችን;1
ለምሳሌ;0
ጫልቱ;0
ለምሳሌ;0
መለያ;0
VoIP;0
SMS;0
WiFiን;1
ሰዎች;3
ሰዎች;3
አስተዳዳሪዎች;3
መዝባሪዎች;3
መንግሥታት;1
ይዘቶች;2
ፖስቶች;3
ጎግል;0
ያሁ;0
ዝርዝር;0
ከኾነ;0
ይመልከቱ;2
ጉዳይ;0
ዓም;0
እንዲሰለል;2
ጥሪ;0
መልዕክቾች;3
ምልልሶች;3
አገልግሎቶች;3
አውታሮችን;1
ለምሳሌ;0
ጫልቱ;0
ለምሳሌ;0
መለያ;0
VoIP;0
SMS;0
WiFiን;1
ሰዎች;3
ሰዎች;3
አስተዳዳሪዎች;3
መዝባሪዎች;3
መንግሥታት;1
ይዘቶች;2
ፖስቶች;3
ጎግል;0
ያሁ;0
ዝርዝር;0
ከኾነ;0
ይመልከቱ;2
ጉዳይ;0
ዓም;0
እንዲሰለል;2
ጥሪ;0
መልዕክቾች;3
ምልልሶች;3
አገልግሎቶች;3
አውታሮችን;1
ለምሳሌ;0
ጫልቱ;0
ለምሳሌ;0
መለያ;0
VoIP;0
SMS;0
WiFiን;1
ሰዎች;3
ሰዎች;3
አስተዳዳሪዎች;3
መዝባሪዎች;3
መንግሥታት;1
ይዘቶች;2
ፖስቶች;3
ጎግል;0
ያሁ;0
ዝርዝር;0
ከኾነ;0
ይመልከቱ;2
ጉዳይ;0
ዓም;0
እንዲሰለል;2
ጥሪ;0
መልዕክቾች;3
ምልልሶች;3
አገልግሎቶች;3
አውታሮችን;1
ለምሳሌ;0
ጫልቱ;0
ለምሳሌ;0
መለያ;0
VoIP;0
SMS;0
WiFiን;1
ሰዎች;3
ሰዎች;3
አስተዳዳሪዎች;3
መዝባሪዎች;3
መንግሥታት;1
ይዘቶች;2
ፖስቶች;3
ጎግል;0
ያሁ;0
ዝርዝር;0
ከኾነ;0
ይመልከቱ;2
ጉዳይ;0
ዓም;0
እንዲሰለል;2
ጥሪ;0
መልዕክቾች;3
ምልልሶች;3
አገልግሎቶች;3
አውታሮችን;1
ለምሳሌ;0
ጫልቱ;0
ለምሳሌ;0
መለያ;0
VoIP;0
SMS;0
WiFiን;1
ሰዎች;3
ሰዎች;3
አስተዳዳሪዎች;3
መዝባሪዎች;3
መንግሥታት;1
ይዘቶች;2
ፖስቶች;3
ጎግል;0
ያሁ;0
ዝርዝር;0
ከኾነ;0
ይመልከቱ;2
ጉዳይ;0
ዓም;0
እንዲሰለል;2
ጥሪ;0
መልዕክቾች;3
ምልልሶች;3
አገልግሎቶች;3
አውታሮችን;1
ለምሳሌ;0
ጫልቱ;0
ለምሳሌ;0
መለያ;0
VoIP;0
SMS;0
WiFiን;1
ሰዎች;3
ሰዎች;3
አስተዳዳሪዎች;3
መዝባሪዎች;3
መንግሥታት;1
ይዘቶች;2
ፖስቶች;3
ጎግል;0
ያሁ;0
ዝርዝር;0
ከኾነ;0
ይመልከቱ;2
ጉዳይ;0
ዓም;0
እንዲሰለል;2
ጥሪ;0
መልዕክቾች;3
ምልልሶች;3
አገልግሎቶች;3
አውታሮችን;1
ለምሳሌ;0
ጫልቱ;0
ለምሳሌ;0
መለያ;0
VoIP;0
SMS;0
WiFiን;1
ሰዎች;3
ሰዎች;3
አስተዳዳሪዎች;3
መዝባሪዎች;3
መንግሥታት;1
ይዘቶች;2
ፖስቶች;3
ጎግል;0
ያሁ;0
ዝርዝር;0
ከኾነ;0
ይመልከቱ;2
ጉዳይ;0
ዓም;0
እንዲሰለል;2
ጥሪ;0
መልዕክቾች;3
ምልልሶች;3
አገልግሎቶች;3
አውታሮችን;1
ለምሳሌ;0
ጫልቱ;0
ለምሳሌ;0
መለያ;0
VoIP;0
SMS;0
WiFiን;1
ሰዎች;3
ሰዎች;3
አስተዳዳሪዎች;3
መዝባሪዎች;3
መንግሥታት;1
ይዘቶች;2
ፖስቶች;3
ጎግል;0
ያሁ;0
ዝርዝር;0
ከኾነ;0
ይመልከቱ;2
ጉዳይ;0
ዓም;0
እንዲሰለል;2
ጥሪ;0
መልዕክቾች;3
ምልልሶች;3
አገልግሎቶች;3
አውታሮችን;1
ለምሳሌ;0
ጫልቱ;0
ለምሳሌ;0
መለያ;0
VoIP;0
SMS;0
WiFiን;1
ሰዎች;3
ሰዎች;3
አስተዳዳሪዎች;3
መዝባሪዎች;3
መንግሥታት;1
ይዘቶች;2
ፖስቶች;3
ጎግል;0
ያሁ;0
ዝርዝር;0
ከኾነ;0
ይመልከቱ;2
ጉዳይ;0
ዓም;0
እንዲሰለል;2
ጥሪ;0
መልዕክቾች;3
ምልልሶች;3
አገልግሎቶች;3
አውታሮችን;1
ለምሳሌ;0
ጫልቱ;0
ለምሳሌ;0
መለያ;0
VoIP;0
SMS;0
WiFiን;1
ሰዎች;3
ሰዎች;3
አስተዳዳሪዎች;3
መዝባሪዎች;3
መንግሥታት;1
ይዘቶች;2
ፖስቶች;3
ጎግል;0
ያሁ;0
ዝርዝር;0
ከኾነ;0
ይመልከቱ;2
ጉዳይ;0
ዓም;0
እንዲሰለል;2
ጥሪ;0
መልዕክቾች;3
ምልልሶች;3
አገልግሎቶች;3
አውታሮችን;1
ለምሳሌ;0
ጫልቱ;0
ለምሳሌ;0
መለያ;0
VoIP;0
SMS;0
WiFiን;1
ሰዎች;3
ሰዎች;3
አስተዳዳሪዎች;3
መዝባሪዎች;3
መንግሥታት;1
ይዘቶች;2
ፖስቶች;3
ጎግል;0
ያሁ;0
ዝርዝር;0
ከኾነ;0
ይመልከቱ;2
ጉዳይ;0
ዓም;0
እንዲሰለል;2
ጥሪ;0
መልዕክቾች;3
ምልልሶች;3
አገልግሎቶች;3
አውታሮችን;1
ለምሳሌ;0
ጫልቱ;0
ለምሳሌ;0
መለያ;0
VoIP;0
SMS;0
WiFiን;1
ሰዎች;3
ሰዎች;3
አስተዳዳሪዎች;3
መዝባሪዎች;3
መንግሥታት;1
ይዘቶች;2
ፖስቶች;3
ጎግል;0
ያሁ;0
ዝርዝር;0
ከኾነ;0
ይመልከቱ;2
ጉዳይ;0
ዓም;0
እንዲሰለል;2
ጥሪ;0
መልዕክቾች;3
ምልልሶች;3
አገልግሎቶች;3
አውታሮችን;1
ለምሳሌ;0
ጫልቱ;0
ለምሳሌ;0
መለያ;0
VoIP;0
SMS;0
WiFiን;1
ሰዎች;3
ሰዎች;3
አስተዳዳሪዎች;3
መዝባሪዎች;3
መንግሥታት;1
ይዘቶች;2
ፖስቶች;3
ጎግል;0
ያሁ;0
ዝርዝር;0
ከኾነ;0
ይመልከቱ;2
ጉዳይ;0
ዓም;0
እንዲሰለል;2
ጥሪ;0
መልዕክቾች;3
ምልልሶች;3
አገልግሎቶች;3
አውታሮችን;1
ለምሳሌ;0
ጫልቱ;0
ለምሳሌ;0
መለያ;0
VoIP;0
SMS;0
WiFiን;1
ሰዎች;3
ሰዎች;3
አስተዳዳሪዎች;3
መዝባሪዎች;3
መንግሥታት;1
ይዘቶች;2
ፖስቶች;3
ጎግል;0
ያሁ;0
ዝርዝር;0
ከኾነ;0
ይመልከቱ;2
ጉዳይ;0
ዓም;0
እንዲሰለል;2
ጥሪ;0
መልዕክቾች;3
ምልልሶች;3
አገልግሎቶች;3
አውታሮችን;1
ለምሳሌ;0
ጫልቱ;0
ለምሳሌ;0
መለያ;0
VoIP;0
SMS;0
WiFiን;1
ሰዎች;3
ሰዎች;3
አስተዳዳሪዎች;3
መዝባሪዎች;3
መንግሥታት;1
ይዘቶች;2
ፖስቶች;3
ጎግል;0
ያሁ;0
ዝርዝር;0
ከኾነ;0
ይመልከቱ;2
ጉዳይ;0
ዓም;0
እንዲሰለል;2
ጥሪ;0
መልዕክቾች;3
ምልልሶች;3
አገልግሎቶች;3
አውታሮችን;1
ለምሳሌ;0
ጫልቱ;0
ለምሳሌ;0
መለያ;0
VoIP;0
SMS;0
WiFiን;1
ሰዎች;3
ሰዎች;3
አስተዳዳሪዎች;3
መዝባሪዎች;3
መንግሥታት;1
ይዘቶች;2
ፖስቶች;3
ጎግል;0
ያሁ;0
ዝርዝር;0
ከኾነ;0
ይመልከቱ;2
ጉዳይ;0
ዓም;0
እንዲሰለል;2
ጥሪ;0
መልዕክቾች;3
ምልልሶች;3
አገልግሎቶች;3
አውታሮችን;1
ለምሳሌ;0
ጫልቱ;0
ለምሳሌ;0
መለያ;0
VoIP;0
SMS;0
WiFiን;1
ሰዎች;3
ሰዎች;3
አስተዳዳሪዎች;3
መዝባሪዎች;3
መንግሥታት;1
ይዘቶች;2
ፖስቶች;3
ጎግል;0
ያሁ;0
ዝርዝር;0
ከኾነ;0
ይመልከቱ;2
ጉዳይ;0
ዓም;0
እንዲሰለል;2
ጥሪ;0
መልዕክቾች;3
ምልልሶች;3
አገልግሎቶች;3
አውታሮችን;1
ለምሳሌ;0
ጫልቱ;0
ለምሳሌ;0
መለያ;0
VoIP;0
SMS;0
WiFiን;1
ሰዎች;3
ሰዎች;3
አስተዳዳሪዎች;3
መዝባሪዎች;3
መንግሥታት;1
ይዘቶች;2
ፖስቶች;3
ጎግል;0
ያሁ;0
ዝርዝር;0
ከኾነ;0
ይመልከቱ;2
ጉዳይ;0
ዓም;0
እንዲሰለል;2
ጥሪ;0
መልዕክቾች;3
ምልልሶች;3
አገልግሎቶች;3
አውታሮችን;1
ለምሳሌ;0
ጫልቱ;0
ለምሳሌ;0
መለያ;0
VoIP;0
SMS;0
WiFiን;1
ሰዎች;3
ሰዎች;3
አስተዳዳሪዎች;3
መዝባሪዎች;3
መንግሥታት;1
ይዘቶች;2
ፖስቶች;3
ጎግል;0
ያሁ;0
ዝርዝር;0
ከኾነ;0
ይመልከቱ;2
ጉዳይ;0
ዓም;0
እንዲሰለል;2
ጥሪ;0
መልዕክቾች;3
ምልልሶች;3
አገልግሎቶች;3
አውታሮችን;1
ለምሳሌ;0
ጫልቱ;0
ለምሳሌ;0
መለያ;0
VoIP;0
SMS;0
WiFiን;1
ሰዎች;3
ሰዎች;3
አስተዳዳሪዎች;3
መዝባሪዎች;3
መንግሥታት;1
ይዘቶች;2
ፖስቶች;3
ጎግል;0
ያሁ;0
ዝርዝር;0
ከኾነ;0
ይመልከቱ;2
ጉዳይ;0
ዓም;0
እንዲሰለል;2
ጥሪ;0
መልዕክቾች;3
ምልልሶች;3
አገልግሎቶች;3
አውታሮችን;1
ለምሳሌ;0
ጫልቱ;0
ለምሳሌ;0
መለያ;0
VoIP;0
SMS;0
WiFiን;1
ሰዎች;3
ሰዎች;3
አስተዳዳሪዎች;3
መዝባሪዎች;3
መንግሥታት;1
ይዘቶች;2
ፖስቶች;3
ጎግል;0
ያሁ;0
ዝርዝር;0
ከኾነ;0
ይመልከቱ;2
ጉዳይ;0
ዓም;0
እንዲሰለል;2
ጥሪ;0
መልዕክቾች;3
ምልልሶች;3
አገልግሎቶች;3
አውታሮችን;1
ለምሳሌ;0
ጫልቱ;0
ለምሳሌ;0
መለያ;0
VoIP;0
SMS;0
WiFiን;1
ሰዎች;3
ሰዎች;3
አስተዳዳሪዎች;3
መዝባሪዎች;3
መንግሥታት;1
ይዘቶች;2
ፖስቶች;3
ጎግል;0
ያሁ;0
ዝርዝር;0
ከኾነ;0
ይመልከቱ;2
ጉዳይ;0
ዓም;0
እንዲሰለል;2
ጥሪ;0
መልዕክቾች;3
ምልልሶች;3
አገልግሎቶች;3
አውታሮችን;1
ለምሳሌ;0
ጫልቱ;0
ለምሳሌ;0
መለያ;0
VoIP;0
SMS;0
WiFiን;1
ሰዎች;3
ሰዎች;3
አስተዳዳሪዎች;3
መዝባሪዎች;3
መንግሥታት;1
ይዘቶች;2
ፖስቶች;3
ጎግል;0
ያሁ;0
ዝርዝር;0
ከኾነ;0
ይመልከቱ;2
ጉዳይ;0
ዓም;0
እንዲሰለል;2
ጥሪ;0
መልዕክቾች;3
ምልልሶች;3
አገልግሎቶች;3
አውታሮችን;1
ለምሳሌ;0
ጫልቱ;0
ለምሳሌ;0
መለያ;0
VoIP;0
SMS;0
WiFiን;1
ሰዎች;3
ሰዎች;3
አስተዳዳሪዎች;3
መዝባሪዎች;3
መንግሥታት;1
ይዘቶች;2
ፖስቶች;3
ጎግል;0
ያሁ;0
ዝርዝር;0
ከኾነ;0
ይመልከቱ;2
ጉዳይ;0
ዓም;0
እንዲሰለል;2
ጥሪ;0
መልዕክቾች;3
ምልልሶች;3
አገልግሎቶች;3
አውታሮችን;1
ለምሳሌ;0
ጫልቱ;0
ለምሳሌ;0
መለያ;0
VoIP;0
SMS;0
WiFiን;1
ሰዎች;3
ሰዎች;3
አስተዳዳሪዎች;3
መዝባሪዎች;3
መንግሥታት;1
ይዘቶች;2
ፖስቶች;3
ጎግል;0
ያሁ;0
ዝርዝር;0
ከኾነ;0
ይመልከቱ;2
ጉዳይ;0
ዓም;0
እንዲሰለል;2
ጥሪ;0
መልዕክቾች;3
ምልልሶች;3
አገልግሎቶች;3
አውታሮችን;1
ለምሳሌ;0
ጫልቱ;0
ለምሳሌ;0
መለያ;0
VoIP;0
SMS;0
WiFiን;1
ሰዎች;3
ሰዎች;3
አስተዳዳሪዎች;3
መዝባሪዎች;3
መንግሥታት;1
ይዘቶች;2
ፖስቶች;3
ጎግል;0
ያሁ;0
ዝርዝር;0
ከኾነ;0
ይመልከቱ;2
ጉዳይ;0
ዓም;0
እንዲሰለል;2
ጥሪ;0
መልዕክቾች;3
ምልልሶች;3
አገልግሎቶች;3
አውታሮችን;1
ለምሳሌ;0
ጫልቱ;0
ለምሳሌ;0
መለያ;0
VoIP;0
SMS;0
WiFiን;1
ሰዎች;3
ሰዎች;3
አስተዳዳሪዎች;3
መዝባሪዎች;3
መንግሥታት;1
ይዘቶች;2
ፖስቶች;3
ጎግል;0
ያሁ;0
ዝርዝር;0
ከኾነ;0
ይመልከቱ;2
ጉዳይ;0
ዓም;0
እንዲሰለል;2
ጥሪ;0
መልዕክቾች;3
ምልልሶች;3
አገልግሎቶች;3
አውታሮችን;1
ለምሳሌ;0
ጫልቱ;0
ለምሳሌ;0
መለያ;0
VoIP;0
SMS;0
WiFiን;1
ሰዎች;3
ሰዎች;3
አስተዳዳሪዎች;3
መዝባሪዎች;3
መንግሥታት;1
ይዘቶች;2
ፖስቶች;3
ጎግል;0
ያሁ;0
ዝርዝር;0
ከኾነ;0
ይመልከቱ;2
ጉዳይ;0
ዓም;0
እንዲሰለል;2
ጥሪ;0
መልዕክቾች;3
ምልልሶች;3
አገልግሎቶች;3
አውታሮችን;1
ለምሳሌ;0
ጫልቱ;0
ለምሳሌ;0
መለያ;0
VoIP;0
SMS;0
WiFiን;1
ሰዎች;3
ሰዎች;3
አስተዳዳሪዎች;3
መዝባሪዎች;3
መንግሥታት;1
ይዘቶች;2
ፖስቶች;3
ጎግል;0
ያሁ;0
ዝርዝር;0
ከኾነ;0
ይመልከቱ;2
ጉዳይ;0
ዓም;0
እንዲሰለል;2
ጥሪ;0
መልዕክቾች;3
ምልልሶች;3
አገልግሎቶች;3
አውታሮችን;1
ለምሳሌ;0
ጫልቱ;0
ለምሳሌ;0
መለያ;0
VoIP;0
SMS;0
WiFiን;1
ሰዎች;3
ሰዎች;3
አስተዳዳሪዎች;3
መዝባሪዎች;3
መንግሥታት;1
ይዘቶች;2
ፖስቶች;3
ጎግል;0
ያሁ;0
ዝርዝር;0
ከኾነ;0
ይመልከቱ;2
ጉዳይ;0
ዓም;0
እንዲሰለል;2
ጥሪ;0
መልዕክቾች;3
ምልልሶች;3
አገልግሎቶች;3
አውታሮችን;1
ለምሳሌ;0
ጫልቱ;0
ለምሳሌ;0
መለያ;0
VoIP;0
SMS;0
WiFiን;1
ሰዎች;3
ሰዎች;3
አስተዳዳሪዎች;3
መዝባሪዎች;3
መንግሥታት;1
ይዘቶች;2
ፖስቶች;3
ጎግል;0
ያሁ;0
ዝርዝር;0
ከኾነ;0
ይመልከቱ;2
ጉዳይ;0
ዓም;0
እንዲሰለል;2
ጥሪ;0
መልዕክቾች;3
ምልልሶች;3
አገልግሎቶች;3
አውታሮችን;1
ለምሳሌ;0
ጫልቱ;0
ለምሳሌ;0
መለያ;0
VoIP;0
SMS;0
WiFiን;1
ሰዎች;3
ሰዎች;3
አስተዳዳሪዎች;3
መዝባሪዎች;3
መንግሥታት;1
ይዘቶች;2
ፖስቶች;3
ጎግል;0
ያሁ;0
ዝርዝር;0
ከኾነ;0
ይመልከቱ;2
ጉዳይ;0
ዓም;0
እንዲሰለል;2
ጥሪ;0
መልዕክቾች;3
ምልልሶች;3
አገልግሎቶች;3
አውታሮችን;1
ለምሳሌ;0
ጫልቱ;0
ለምሳሌ;0
መለያ;0
VoIP;0
SMS;0
WiFiን;1
ሰዎች;3
ሰዎች;3
አስተዳዳሪዎች;3
መዝባሪዎች;3
መንግሥታት;1
ይዘቶች;2
ፖስቶች;3
ጎግል;0
ያሁ;0
ዝርዝር;0
ከኾነ;0
ይመልከቱ;2
ጉዳይ;0
ዓም;0
እንዲሰለል;2
ጥሪ;0
መልዕክቾች;3
ምልልሶች;3
አገልግሎቶች;3
አውታሮችን;1
ለምሳሌ;0
ጫልቱ;0
ለምሳሌ;0
መለያ;0
VoIP;0
SMS;0
WiFiን;1
ሰዎች;3
ሰዎች;3
አስተዳዳሪዎች;3
መዝባሪዎች;3
መንግሥታት;1
ይዘቶች;2
ፖስቶች;3
ጎግል;0
ያሁ;0
ዝርዝር;0
ከኾነ;0
ይመልከቱ;2
ጉዳይ;0
ዓም;0
እንዲሰለል;2
ጥሪ;0
መልዕክቾች;3
ምልልሶች;3
አገልግሎቶች;3
አውታሮችን;1
ለምሳሌ;0
ጫልቱ;0
ለምሳሌ;0
መለያ;0
VoIP;0
SMS;0
WiFiን;1
ሰዎች;3
ሰዎች;3
አስተዳዳሪዎች;3
መዝባሪዎች;3
መንግሥታት;1
ይዘቶች;2
ፖስቶች;3
ጎግል;0
ያሁ;0
ዝርዝር;0
ከኾነ;0
ይመልከቱ;2
ጉዳይ;0
ዓም;0
እንዲሰለል;2
ጥሪ;0
መልዕክቾች;3
ምልልሶች;3
አገልግሎቶች;3
አውታሮችን;1
ለምሳሌ;0
ጫልቱ;0
ለምሳሌ;0
መለያ;0
VoIP;0
SMS;0
WiFiን;1
ሰዎች;3
ሰዎች;3
አስተዳዳሪዎች;3
መዝባሪዎች;3
መንግሥታት;1
ይዘቶች;2
ፖስቶች;3
ጎግል;0
ያሁ;0
ዝርዝር;0
ከኾነ;0
ይመልከቱ;2
ጉዳይ;0
ዓም;0
እንዲሰለል;2
ጥሪ;0
መልዕክቾች;3
ምልልሶች;3
አገልግሎቶች;3
አውታሮችን;1
ለምሳሌ;0
ጫልቱ;0
ለምሳሌ;0
መለያ;0
VoIP;0
SMS;0
WiFiን;1
ሰዎች;3
ሰዎች;3
አስተዳዳሪዎች;3
መዝባሪዎች;3
መንግሥታት;1
ይዘቶች;2
ፖስቶች;3
ጎግል;0
ያሁ;0
ዝርዝር;0
ከኾነ;0
ይመልከቱ;2
ጉዳይ;0
ዓም;0
እንዲሰለል;2
ጥሪ;0
መልዕክቾች;3
ምልልሶች;3
አገልግሎቶች;3
አውታሮችን;1
ለምሳሌ;0
ጫልቱ;0
ለምሳሌ;0
መለያ;0
VoIP;0
SMS;0
WiFiን;1
ሰዎች;3
ሰዎች;3
አስተዳዳሪዎች;3
መዝባሪዎች;3
መንግሥታት;1
ይዘቶች;2
ፖስቶች;3
ጎግል;0
ያሁ;0
ዝርዝር;0
ከኾነ;0
ይመልከቱ;2
ጉዳይ;0
ዓም;0
እንዲሰለል;2
ጥሪ;0
መልዕክቾች;3
ምልልሶች;3
አገልግሎቶች;3
አውታሮችን;1
ለምሳሌ;0
ጫልቱ;0
ለምሳሌ;0
መለያ;0
VoIP;0
SMS;0
WiFiን;1
ሰዎች;3
ሰዎች;3
አስተዳዳሪዎች;3
መዝባሪዎች;3
መንግሥታት;1
ይዘቶች;2
ፖስቶች;3
ጎግል;0
ያሁ;0
ዝርዝር;0
ከኾነ;0
ይመልከቱ;2
ጉዳይ;0
ዓም;0
እንዲሰለል;2
ጥሪ;0
መልዕክቾች;3
ምልልሶች;3
አገልግሎቶች;3
አውታሮችን;1
ለምሳሌ;0
ጫልቱ;0
ለምሳሌ;0
መለያ;0
VoIP;0
SMS;0
WiFiን;1
ሰዎች;3
ሰዎች;3
አስተዳዳሪዎች;3
መዝባሪዎች;3
መንግሥታት;1
ይዘቶች;2
ፖስቶች;3
ጎግል;0
ያሁ;0
ዝርዝር;0
ከኾነ;0
ይመልከቱ;2
ጉዳይ;0
ዓም;0
እንዲሰለል;2
ጥሪ;0
መልዕክቾች;3
ምልልሶች;3
አገልግሎቶች;3
አውታሮችን;1
ለምሳሌ;0
ጫልቱ;0
ለምሳሌ;0
መለያ;0
VoIP;0
SMS;0
WiFiን;1
ሰዎች;3
ሰዎች;3
አስተዳዳሪዎች;3
መዝባሪዎች;3
መንግሥታት;1
ይዘቶች;2
ፖስቶች;3
ጎግል;0
ያሁ;0
ዝርዝር;0
ከኾነ;0
ይመልከቱ;2
ጉዳይ;0
ዓም;0
እንዲሰለል;2
ጥሪ;0
መልዕክቾች;3
ምልልሶች;3
አገልግሎቶች;3
አውታሮችን;1
ለምሳሌ;0
ጫልቱ;0
ለምሳሌ;0
መለያ;0
VoIP;0
SMS;0
WiFiን;1
ሰዎች;3
ሰዎች;3
አስተዳዳሪዎች;3
መዝባሪዎች;3
መንግሥታት;1
ይዘቶች;2
ፖስቶች;3
ጎግል;0
ያሁ;0
ዝርዝር;0
ከኾነ;0
ይመልከቱ;2
ጉዳይ;0
ዓም;0
እንዲሰለል;2
ጥሪ;0
መልዕክቾች;3
ምልልሶች;3
አገልግሎቶች;3
አውታሮችን;1
ለምሳሌ;0
ጫልቱ;0
ለምሳሌ;0
መለያ;0
VoIP;0
SMS;0
WiFiን;1
ሰዎች;3
ሰዎች;3
አስተዳዳሪዎች;3
መዝባሪዎች;3
መንግሥታት;1
ይዘቶች;2
ፖስቶች;3
ጎግል;0
ያሁ;0
ዝርዝር;0
ከኾነ;0
ይመልከቱ;2
ጉዳይ;0
ዓም;0
እንዲሰለል;2
ጥሪ;0
መልዕክቾች;3
ምልልሶች;3
አገልግሎቶች;3
አውታሮችን;1
ለምሳሌ;0
ጫልቱ;0
ለምሳሌ;0
መለያ;0
VoIP;0
SMS;0
WiFiን;1
ሰዎች;3
ሰዎች;3
አስተዳዳሪዎች;3
መዝባሪዎች;3
መንግሥታት;1
ይዘቶች;2
ፖስቶች;3
ጎግል;0
ያሁ;0
ዝርዝር;0
ከኾነ;0
ይመልከቱ;2
ጉዳይ;0
ዓም;0
እንዲሰለል;2
ጥሪ;0
መልዕክቾች;3
ምልልሶች;3
አገልግሎቶች;3
አውታሮችን;1
ለምሳሌ;0
ጫልቱ;0
ለምሳሌ;0
መለያ;0
VoIP;0
SMS;0
WiFiን;1
ሰዎች;3
ሰዎች;3
አስተዳዳሪዎች;3
መዝባሪዎች;3
መንግሥታት;1
ይዘቶች;2
ፖስቶች;3
ጎግል;0
ያሁ;0
ዝርዝር;0
ከኾነ;0
ይመልከቱ;2
ጉዳይ;0
ዓም;0
እንዲሰለል;2
ጥሪ;0
መልዕክቾች;3
ምልልሶች;3
አገልግሎቶች;3
አውታሮችን;1
ለምሳሌ;0
ጫልቱ;0
ለምሳሌ;0
መለያ;0
VoIP;0
SMS;0
WiFiን;1
ሰዎች;3
ሰዎች;3
አስተዳዳሪዎች;3
መዝባሪዎች;3
መንግሥታት;1
ይዘቶች;2
ፖስቶች;3
ጎግል;0
ያሁ;0
ዝርዝር;0
ከኾነ;0
ይመልከቱ;2
ጉዳይ;0
ዓም;0
እንዲሰለል;2
ጥሪ;0
መልዕክቾች;3
ምልልሶች;3
አገልግሎቶች;3
አውታሮችን;1
ለምሳሌ;0
ጫልቱ;0
ለምሳሌ;0
መለያ;0
VoIP;0
SMS;0
WiFiን;1
ሰዎች;3
ሰዎች;3
አስተዳዳሪዎች;3
መዝባሪዎች;3
መንግሥታት;1
ይዘቶች;2
ፖስቶች;3
ጎግል;0
ያሁ;0
ዝርዝር;0
ከኾነ;0
ይመልከቱ;2
ጉዳይ;0
ዓም;0
እንዲሰለል;2
ጥሪ;0
መልዕክቾች;3
ምልልሶች;3
አገልግሎቶች;3
አውታሮችን;1
ለምሳሌ;0
ጫልቱ;0
ለምሳሌ;0
መለያ;0
VoIP;0
SMS;0
WiFiን;1
ሰዎች;3
ሰዎች;3
አስተዳዳሪዎች;3
መዝባሪዎች;3
መንግሥታት;1
ይዘቶች;2
ፖስቶች;3
ጎግል;0
ያሁ;0
ዝርዝር;0
ከኾነ;0
ይመልከቱ;2
ጉዳይ;0
ዓም;0
እንዲሰለል;2
ጥሪ;0
መልዕክቾች;3
ምልልሶች;3
አገልግሎቶች;3
አውታሮችን;1
ለምሳሌ;0
ጫልቱ;0
ለምሳሌ;0
መለያ;0
VoIP;0
SMS;0
WiFiን;1
ሰዎች;3
ሰዎች;3
አስተዳዳሪዎች;3
መዝባሪዎች;3
መንግሥታት;1
ይዘቶች;2
ፖስቶች;3
ጎግል;0
ያሁ;0
ዝርዝር;0
ከኾነ;0
ይመልከቱ;2
ጉዳይ;0
ዓም;0
እንዲሰለል;2
ጥሪ;0
መልዕክቾች;3
ምልልሶች;3
አገልግሎቶች;3
አውታሮችን;1
ለምሳሌ;0
ጫልቱ;0
ለምሳሌ;0
መለያ;0
VoIP;0
SMS;0
WiFiን;1
ሰዎች;3
ሰዎች;3
አስተዳዳሪዎች;3
መዝባሪዎች;3
መንግሥታት;1
ይዘቶች;2
ፖስቶች;3
ጎግል;0
ያሁ;0
ዝርዝር;0
ከኾነ;0
ይመልከቱ;2
ጉዳይ;0
ዓም;0
እንዲሰለል;2
ጥሪ;0
መልዕክቾች;3
ምልልሶች;3
አገልግሎቶች;3
አውታሮችን;1
ለምሳሌ;0
ጫልቱ;0
ለምሳሌ;0
መለያ;0
VoIP;0
SMS;0
WiFiን;1
ሰዎች;3
ሰዎች;3
አስተዳዳሪዎች;3
መዝባሪዎች;3
መንግሥታት;1
ይዘቶች;2
ፖስቶች;3
ጎግል;0
ያሁ;0
ዝርዝር;0
ከኾነ;0
ይመልከቱ;2
ጉዳይ;0
ዓም;0
እንዲሰለል;2
ጥሪ;0
መልዕክቾች;3
ምልልሶች;3
አገልግሎቶች;3
አውታሮችን;1
ለምሳሌ;0
ጫልቱ;0
ለምሳሌ;0
መለያ;0
VoIP;0
SMS;0
WiFiን;1
ሰዎች;3
ሰዎች;3
አስተዳዳሪዎች;3
መዝባሪዎች;3
መንግሥታት;1
ይዘቶች;2
ፖስቶች;3
ጎግል;0
ያሁ;0
ዝርዝር;0
ከኾነ;0
ይመልከቱ;2
ጉዳይ;0
ዓም;0
እንዲሰለል;2
ጥሪ;0
መልዕክቾች;3
ምልልሶች;3
አገልግሎቶች;3
አውታሮችን;1
ለምሳሌ;0
ጫልቱ;0
ለምሳሌ;0
መለያ;0
VoIP;0
SMS;0
WiFiን;1
ሰዎች;3
ሰዎች;3
አስተዳዳሪዎች;3
መዝባሪዎች;3
መንግሥታት;1
ይዘቶች;2
ፖስቶች;3
ጎግል;0
ያሁ;0
ዝርዝር;0
ከኾነ;0
ይመልከቱ;2
ጉዳይ;0
ዓም;0
እንዲሰለል;2
ጥሪ;0
መልዕክቾች;3
ምልልሶች;3
አገልግሎቶች;3
አውታሮችን;1
ለምሳሌ;0
ጫልቱ;0
ለምሳሌ;0
መለያ;0
VoIP;0
SMS;0
WiFiን;1
ሰዎች;3
ሰዎች;3
አስተዳዳሪዎች;3
መዝባሪዎች;3
መንግሥታት;1
ይዘቶች;2
ፖስቶች;3
ጎግል;0
ያሁ;0
ዝርዝር;0
ከኾነ;0
ይመልከቱ;2
ጉዳይ;0
ዓም;0
እንዲሰለል;2
ጥሪ;0
መልዕክቾች;3
ምልልሶች;3
አገልግሎቶች;3
አውታሮችን;1
ለምሳሌ;0
ጫልቱ;0
ለምሳሌ;0
መለያ;0
VoIP;0
SMS;0
WiFiን;1
ሰዎች;3
ሰዎች;3
አስተዳዳሪዎች;3
መዝባሪዎች;3
መንግሥታት;1
ይዘቶች;2
ፖስቶች;3
ጎግል;0
ያሁ;0
ዝርዝር;0
ከኾነ;0
ይመልከቱ;2
ጉዳይ;0
ዓም;0
እንዲሰለል;2
ጥሪ;0
መልዕክቾች;3
ምልልሶች;3
አገልግሎቶች;3
አውታሮችን;1
ለምሳሌ;0
ጫልቱ;0
ለምሳሌ;0
መለያ;0
VoIP;0
SMS;0
WiFiን;1
ሰዎች;3
ሰዎች;3
አስተዳዳሪዎች;3
መዝባሪዎች;3
መንግሥታት;1
ይዘቶች;2
ፖስቶች;3
ጎግል;0
ያሁ;0
ዝርዝር;0
ከኾነ;0
ይመልከቱ;2
ጉዳይ;0
ዓም;0
እንዲሰለል;2
ጥሪ;0
መልዕክቾች;3
ምልልሶች;3
አገልግሎቶች;3
አውታሮችን;1
ለምሳሌ;0
ጫልቱ;0
ለምሳሌ;0
መለያ;0
VoIP;0
SMS;0
WiFiን;1
ሰዎች;3
ሰዎች;3
አስተዳዳሪዎች;3
መዝባሪዎች;3
መንግሥታት;1
ይዘቶች;2
ፖስቶች;3
ጎግል;0
ያሁ;0
ዝርዝር;0
ከኾነ;0
ይመልከቱ;2
ጉዳይ;0
ዓም;0
እንዲሰለል;2
ጥሪ;0
መልዕክቾች;3
ምልልሶች;3
አገልግሎቶች;3
አውታሮችን;1
ለምሳሌ;0
ጫልቱ;0
ለምሳሌ;0
መለያ;0
VoIP;0
SMS;0
WiFiን;1
ሰዎች;3
ሰዎች;3
አስተዳዳሪዎች;3
መዝባሪዎች;3
መንግሥታት;1
ይዘቶች;2
ፖስቶች;3
ጎግል;0
ያሁ;0
ዝርዝር;0
ከኾነ;0
ይመልከቱ;2
ጉዳይ;0
ዓም;0
እንዲሰለል;2
ጥሪ;0
መልዕክቾች;3
ምልልሶች;3
አገልግሎቶች;3
አውታሮችን;1
ለምሳሌ;0
ጫልቱ;0
ለምሳሌ;0
መለያ;0
VoIP;0
SMS;0
WiFiን;1
ሰዎች;3
ሰዎች;3
አስተዳዳሪዎች;3
መዝባሪዎች;3
መንግሥታት;1
ይዘቶች;2
ፖስቶች;3
ጎግል;0
ያሁ;0
ዝርዝር;0
ከኾነ;0
ይመልከቱ;2
ጉዳይ;0
ዓም;0
እንዲሰለል;2
ጥሪ;0
መልዕክቾች;3
ምልልሶች;3
አገልግሎቶች;3
አውታሮችን;1
ለምሳሌ;0
ጫልቱ;0
ለምሳሌ;0
መለያ;0
VoIP;0
SMS;0
WiFiን;1
ሰዎች;3
ሰዎች;3
አስተዳዳሪዎች;3
መዝባሪዎች;3
መንግሥታት;1
ይዘቶች;2
ፖስቶች;3
ጎግል;0
ያሁ;0
ዝርዝር;0
ከኾነ;0
ይመልከቱ;2
ጉዳይ;0
ዓም;0
እንዲሰለል;2
ጥሪ;0
መልዕክቾች;3
ምልልሶች;3
አገልግሎቶች;3
አውታሮችን;1
ለምሳሌ;0
ጫልቱ;0
ለምሳሌ;0
መለያ;0
VoIP;0
SMS;0
WiFiን;1
ሰዎች;3
ሰዎች;3
አስተዳዳሪዎች;3
መዝባሪዎች;3
መንግሥታት;1
ይዘቶች;2
ፖስቶች;3
ጎግል;0
ያሁ;0
ዝርዝር;0
ከኾነ;0
ይመልከቱ;2
ጉዳይ;0
ዓም;0
እንዲሰለል;2
ጥሪ;0
መልዕክቾች;3
ምልልሶች;3
አገልግሎቶች;3
አውታሮችን;1
ለምሳሌ;0
ጫልቱ;0
ለምሳሌ;0
መለያ;0
VoIP;0
SMS;0
WiFiን;1
ሰዎች;3
ሰዎች;3
አስተዳዳሪዎች;3
መዝባሪዎች;3
መንግሥታት;1
ይዘቶች;2
ፖስቶች;3
ጎግል;0
ያሁ;0
ዝርዝር;0
ከኾነ;0
ይመልከቱ;2
ጉዳይ;0
ዓም;0
እንዲሰለል;2
ጥሪ;0
መልዕክቾች;3
ምልልሶች;3
አገልግሎቶች;3
አውታሮችን;1
ለምሳሌ;0
ጫልቱ;0
ለምሳሌ;0
መለያ;0
VoIP;0
SMS;0
WiFiን;1
ሰዎች;3
ሰዎች;3
አስተዳዳሪዎች;3
መዝባሪዎች;3
መንግሥታት;1
ይዘቶች;2
ፖስቶች;3
ጎግል;0
ያሁ;0
ዝርዝር;0
ከኾነ;0
ይመልከቱ;2
ጉዳይ;0
ዓም;0
እንዲሰለል;2
ጥሪ;0
መልዕክቾች;3
ምልልሶች;3
አገልግሎቶች;3
አውታሮችን;1
ለምሳሌ;0
ጫልቱ;0
ለምሳሌ;0
መለያ;0
VoIP;0
SMS;0
WiFiን;1
ሰዎች;3
ሰዎች;3
አስተዳዳሪዎች;3
መዝባሪዎች;3
መንግሥታት;1
ይዘቶች;2
ፖስቶች;3
ጎግል;0
ያሁ;0
ዝርዝር;0
ከኾነ;0
ይመልከቱ;2
ጉዳይ;0
ዓም;0
እንዲሰለል;2
ጥሪ;0
መልዕክቾች;3
ምልልሶች;3
አገልግሎቶች;3
አውታሮችን;1
ለምሳሌ;0
ጫልቱ;0
ለምሳሌ;0
መለያ;0
VoIP;0
SMS;0
WiFiን;1
ሰዎች;3
ሰዎች;3
አስተዳዳሪዎች;3
መዝባሪዎች;3
መንግሥታት;1
ይዘቶች;2
ፖስቶች;3
ጎግል;0
ያሁ;0
ዝርዝር;0
ከኾነ;0
ይመልከቱ;2
ጉዳይ;0
ዓም;0
እንዲሰለል;2
ጥሪ;0
መልዕክቾች;3
ምልልሶች;3
አገልግሎቶች;3
አውታሮችን;1
ለምሳሌ;0
ጫልቱ;0
ለምሳሌ;0
መለያ;0
VoIP;0
SMS;0
WiFiን;1
ሰዎች;3
ሰዎች;3
አስተዳዳሪዎች;3
መዝባሪዎች;3
መንግሥታት;1
ይዘቶች;2
ፖስቶች;3
ጎግል;0
ያሁ;0
ዝርዝር;0
ከኾነ;0
ይመልከቱ;2
ጉዳይ;0
ዓም;0
እንዲሰለል;2
ጥሪ;0
መልዕክቾች;3
ምልልሶች;3
አገልግሎቶች;3
አውታሮችን;1
ለምሳሌ;0
ጫልቱ;0
ለምሳሌ;0
መለያ;0
VoIP;0
SMS;0
WiFiን;1
ሰዎች;3
ሰዎች;3
አስተዳዳሪዎች;3
መዝባሪዎች;3
መንግሥታት;1
ይዘቶች;2
ፖስቶች;3
ጎግል;0
ያሁ;0
ዝርዝር;0
ከኾነ;0
ይመልከቱ;2
ጉዳይ;0
ዓም;0
እንዲሰለል;2
ጥሪ;0
መልዕክቾች;3
ምልልሶች;3
አገልግሎቶች;3
አውታሮችን;1
ለምሳሌ;0
ጫልቱ;0
ለምሳሌ;0
መለያ;0
VoIP;0
SMS;0
WiFiን;1
ሰዎች;3
ሰዎች;3
አስተዳዳሪዎች;3
መዝባሪዎች;3
መንግሥታት;1
ይዘቶች;2
ፖስቶች;3
ጎግል;0
ያሁ;0
ዝርዝር;0
ከኾነ;0
ይመልከቱ;2
ጉዳይ;0
ዓም;0
እንዲሰለል;2
ጥሪ;0
መልዕክቾች;3
ምልልሶች;3
አገልግሎቶች;3
አውታሮችን;1
ለምሳሌ;0
ጫልቱ;0
ለምሳሌ;0
መለያ;0
VoIP;0
SMS;0
WiFiን;1
ሰዎች;3
ሰዎች;3
አስተዳዳሪዎች;3
መዝባሪዎች;3
መንግሥታት;1
ይዘቶች;2
ፖስቶች;3
ጎግል;0
ያሁ;0
ዝርዝር;0
ከኾነ;0
ይመልከቱ;2
ጉዳይ;0
ዓም;0
እንዲሰለል;2
ጥሪ;0
መልዕክቾች;3
ምልልሶች;3
አገልግሎቶች;3
አውታሮችን;1
ለምሳሌ;0
ጫልቱ;0
ለምሳሌ;0
መለያ;0
VoIP;0
SMS;0
WiFiን;1
ሰዎች;3
ሰዎች;3
አስተዳዳሪዎች;3
መዝባሪዎች;3
መንግሥታት;1
ይዘቶች;2
ፖስቶች;3
ጎግል;0
ያሁ;0
ዝርዝር;0
ከኾነ;0
ይመልከቱ;2
ጉዳይ;0
ዓም;0
እንዲሰለል;2
ጥሪ;0
መልዕክቾች;3
ምልልሶች;3
አገልግሎቶች;3
አውታሮችን;1
ለምሳሌ;0
ጫልቱ;0
ለምሳሌ;0
መለያ;0
VoIP;0
SMS;0
WiFiን;1
ሰዎች;3
ሰዎች;3
አስተዳዳሪዎች;3
መዝባሪዎች;3
መንግሥታት;1
ይዘቶች;2
ፖስቶች;3
ጎግል;0
ያሁ;0
ዝርዝር;0
ከኾነ;0
ይመልከቱ;2
ጉዳይ;0
ዓም;0
እንዲሰለል;2
ጥሪ;0
መልዕክቾች;3
ምልልሶች;3
አገልግሎቶች;3
አውታሮችን;1
ለምሳሌ;0
ጫልቱ;0
ለምሳሌ;0
መለያ;0
VoIP;0
SMS;0
WiFiን;1
ሰዎች;3
ሰዎች;3
አስተዳዳሪዎች;3
መዝባሪዎች;3
መንግሥታት;1
ይዘቶች;2
ፖስቶች;3
ጎግል;0
ያሁ;0
ዝርዝር;0
ከኾነ;0
ይመልከቱ;2
ጉዳይ;0
ዓም;0
እንዲሰለል;2
ጥሪ;0
መልዕክቾች;3
ምልልሶች;3
አገልግሎቶች;3
አውታሮችን;1
ለምሳሌ;0
ጫልቱ;0
ለምሳሌ;0
መለያ;0
VoIP;0
SMS;0
WiFiን;1
ሰዎች;3
ሰዎች;3
አስተዳዳሪዎች;3
መዝባሪዎች;3
መንግሥታት;1
ይዘቶች;2
ፖስቶች;3
ጎግል;0
ያሁ;0
ዝርዝር;0
ከኾነ;0
ይመልከቱ;2
ጉዳይ;0
ዓም;0
እንዲሰለል;2
ጥሪ;0
መልዕክቾች;3
ምልልሶች;3
አገልግሎቶች;3
አውታሮችን;1
ለምሳሌ;0
ጫልቱ;0
ለምሳሌ;0
መለያ;0
VoIP;0
SMS;0
WiFiን;1
ሰዎች;3
ሰዎች;3
አስተዳዳሪዎች;3
መዝባሪዎች;3
መንግሥታት;1
ይዘቶች;2
ፖስቶች;3
ጎግል;0
ያሁ;0
ዝርዝር;0
ከኾነ;0
ይመልከቱ;2
ጉዳይ;0
ዓም;0
እንዲሰለል;2
ጥሪ;0
መልዕክቾች;3
ምልልሶች;3
አገልግሎቶች;3
አውታሮችን;1
ለምሳሌ;0
ጫልቱ;0
ለምሳሌ;0
